vacc_on,immune_escape,matched_vacc,matched_vacc_level,vfr2,name,rt,max_t,income_group,target_pop,hs_constraints,dt,seeding_cases,age_groups_covered,age_groups_covered_d3,age_groups_covered_d4,age_groups_covered_d5,max_coverage,vacc_period,vacc_start,vaccine_doses,vfr,vfr_time1,vfr_time2,vfr2_time1,vfr2_time2,vaccine,mu_ab_d1,mu_ab_d2,k,hl_l,hl_s,period_s,period_l,ab_50,ab_50_severe,std10,max_ab,mu_ab_infection,std10_infection,mu_ab_inf_scal_vfr,repetition,hosp_scal,ICU_scal,b1,scenario_name,index
0,0,1,1,1,scenario1,3,4015,HIC,1000000,Absent,0.25,10,2,14,14,14,0.95,30,4015,1,1,1,30,1095,1185,vaccine,0.21730769230769229,0.21730769230769229,2.5,1000,35,75,565,0.091,0.021,0.44,5,0.6519230769230768,0.44,1,1,1,1,0.03,undefined,1
0,0,1,1,1,scenario1,3,4015,HIC,1000000,Absent,0.25,10,2,14,14,14,0.95,30,4015,1,1,1,30,1095,1185,vaccine,0.21730769230769229,0.21730769230769229,2.5,1000,35,75,565,0.091,0.021,0.44,5,0.6519230769230768,0.44,1,2,1,1,0.03,undefined,2
0,0,1,1,1,scenario1,3,4015,HIC,1000000,Absent,0.25,10,2,14,14,14,0.95,30,4015,1,1,1,30,1095,1185,vaccine,0.21730769230769229,0.21730769230769229,2.5,1000,35,75,565,0.091,0.021,0.44,5,0.6519230769230768,0.44,1,3,1,1,0.03,undefined,3
0,0,1,1,1,scenario1,3,4015,HIC,1000000,Absent,0.25,10,2,14,14,14,0.95,30,4015,1,1,1,30,1095,1185,vaccine,0.21730769230769229,0.21730769230769229,2.5,1000,35,75,565,0.091,0.021,0.44,5,0.6519230769230768,0.44,1,4,1,1,0.03,undefined,4
0,0,1,1,1,scenario1,3,4015,HIC,1000000,Absent,0.25,10,2,14,14,14,0.95,30,4015,1,1,1,30,1095,1185,vaccine,0.21730769230769229,0.21730769230769229,2.5,1000,35,75,565,0.091,0.021,0.44,5,0.6519230769230768,0.44,1,5,1,1,0.03,undefined,5
0,0,1,1,1,scenario1,3,4015,HIC,1000000,Absent,0.25,10,2,14,14,14,0.95,30,4015,1,1,1,30,1095,1185,vaccine,0.21730769230769229,0.21730769230769229,2.5,1000,35,75,565,0.091,0.021,0.44,5,0.6519230769230768,0.44,1,6,1,1,0.03,undefined,6
0,0,1,1,1,scenario1,3,4015,HIC,1000000,Absent,0.25,10,2,14,14,14,0.95,30,4015,1,1,1,30,1095,1185,vaccine,0.21730769230769229,0.21730769230769229,2.5,1000,35,75,565,0.091,0.021,0.44,5,0.6519230769230768,0.44,1,7,1,1,0.03,undefined,7
0,0,1,1,1,scenario1,3,4015,HIC,1000000,Absent,0.25,10,2,14,14,14,0.95,30,4015,1,1,1,30,1095,1185,vaccine,0.21730769230769229,0.21730769230769229,2.5,1000,35,75,565,0.091,0.021,0.44,5,0.6519230769230768,0.44,1,8,1,1,0.03,undefined,8
0,0,1,1,1,scenario1,3,4015,HIC,1000000,Absent,0.25,10,2,14,14,14,0.95,30,4015,1,1,1,30,1095,1185,vaccine,0.21730769230769229,0.21730769230769229,2.5,1000,35,75,565,0.091,0.021,0.44,5,0.6519230769230768,0.44,1,9,1,1,0.03,undefined,9
0,0,1,1,1,scenario1,3,4015,HIC,1000000,Absent,0.25,10,2,14,14,14,0.95,30,4015,1,1,1,30,1095,1185,vaccine,0.21730769230769229,0.21730769230769229,2.5,1000,35,75,565,0.091,0.021,0.44,5,0.6519230769230768,0.44,1,10,1,1,0.03,undefined,10
0,0,1,1,1,scenario1,3,4015,HIC,1000000,Absent,0.25,10,2,14,14,14,0.95,30,4015,1,1,1,30,1095,1185,vaccine,0.3259615384615384,0.3259615384615384,2.5,1000,35,75,565,0.091,0.021,0.44,5,0.6519230769230768,0.44,1,1,1,1,0.03,undefined,11
0,0,1,1,1,scenario1,3,4015,HIC,1000000,Absent,0.25,10,2,14,14,14,0.95,30,4015,1,1,1,30,1095,1185,vaccine,0.3259615384615384,0.3259615384615384,2.5,1000,35,75,565,0.091,0.021,0.44,5,0.6519230769230768,0.44,1,2,1,1,0.03,undefined,12
0,0,1,1,1,scenario1,3,4015,HIC,1000000,Absent,0.25,10,2,14,14,14,0.95,30,4015,1,1,1,30,1095,1185,vaccine,0.3259615384615384,0.3259615384615384,2.5,1000,35,75,565,0.091,0.021,0.44,5,0.6519230769230768,0.44,1,3,1,1,0.03,undefined,13
0,0,1,1,1,scenario1,3,4015,HIC,1000000,Absent,0.25,10,2,14,14,14,0.95,30,4015,1,1,1,30,1095,1185,vaccine,0.3259615384615384,0.3259615384615384,2.5,1000,35,75,565,0.091,0.021,0.44,5,0.6519230769230768,0.44,1,4,1,1,0.03,undefined,14
0,0,1,1,1,scenario1,3,4015,HIC,1000000,Absent,0.25,10,2,14,14,14,0.95,30,4015,1,1,1,30,1095,1185,vaccine,0.3259615384615384,0.3259615384615384,2.5,1000,35,75,565,0.091,0.021,0.44,5,0.6519230769230768,0.44,1,5,1,1,0.03,undefined,15
0,0,1,1,1,scenario1,3,4015,HIC,1000000,Absent,0.25,10,2,14,14,14,0.95,30,4015,1,1,1,30,1095,1185,vaccine,0.3259615384615384,0.3259615384615384,2.5,1000,35,75,565,0.091,0.021,0.44,5,0.6519230769230768,0.44,1,6,1,1,0.03,undefined,16
0,0,1,1,1,scenario1,3,4015,HIC,1000000,Absent,0.25,10,2,14,14,14,0.95,30,4015,1,1,1,30,1095,1185,vaccine,0.3259615384615384,0.3259615384615384,2.5,1000,35,75,565,0.091,0.021,0.44,5,0.6519230769230768,0.44,1,7,1,1,0.03,undefined,17
0,0,1,1,1,scenario1,3,4015,HIC,1000000,Absent,0.25,10,2,14,14,14,0.95,30,4015,1,1,1,30,1095,1185,vaccine,0.3259615384615384,0.3259615384615384,2.5,1000,35,75,565,0.091,0.021,0.44,5,0.6519230769230768,0.44,1,8,1,1,0.03,undefined,18
0,0,1,1,1,scenario1,3,4015,HIC,1000000,Absent,0.25,10,2,14,14,14,0.95,30,4015,1,1,1,30,1095,1185,vaccine,0.3259615384615384,0.3259615384615384,2.5,1000,35,75,565,0.091,0.021,0.44,5,0.6519230769230768,0.44,1,9,1,1,0.03,undefined,19
0,0,1,1,1,scenario1,3,4015,HIC,1000000,Absent,0.25,10,2,14,14,14,0.95,30,4015,1,1,1,30,1095,1185,vaccine,0.3259615384615384,0.3259615384615384,2.5,1000,35,75,565,0.091,0.021,0.44,5,0.6519230769230768,0.44,1,10,1,1,0.03,undefined,20
0,0,1,1,1,scenario1,3,4015,HIC,1000000,Absent,0.25,10,2,14,14,14,0.95,30,4015,1,1,1,30,1095,1185,vaccine,0.43461538461538457,0.43461538461538457,2.5,1000,35,75,565,0.091,0.021,0.44,5,0.6519230769230768,0.44,1,1,1,1,0.03,undefined,21
0,0,1,1,1,scenario1,3,4015,HIC,1000000,Absent,0.25,10,2,14,14,14,0.95,30,4015,1,1,1,30,1095,1185,vaccine,0.43461538461538457,0.43461538461538457,2.5,1000,35,75,565,0.091,0.021,0.44,5,0.6519230769230768,0.44,1,2,1,1,0.03,undefined,22
0,0,1,1,1,scenario1,3,4015,HIC,1000000,Absent,0.25,10,2,14,14,14,0.95,30,4015,1,1,1,30,1095,1185,vaccine,0.43461538461538457,0.43461538461538457,2.5,1000,35,75,565,0.091,0.021,0.44,5,0.6519230769230768,0.44,1,3,1,1,0.03,undefined,23
0,0,1,1,1,scenario1,3,4015,HIC,1000000,Absent,0.25,10,2,14,14,14,0.95,30,4015,1,1,1,30,1095,1185,vaccine,0.43461538461538457,0.43461538461538457,2.5,1000,35,75,565,0.091,0.021,0.44,5,0.6519230769230768,0.44,1,4,1,1,0.03,undefined,24
0,0,1,1,1,scenario1,3,4015,HIC,1000000,Absent,0.25,10,2,14,14,14,0.95,30,4015,1,1,1,30,1095,1185,vaccine,0.43461538461538457,0.43461538461538457,2.5,1000,35,75,565,0.091,0.021,0.44,5,0.6519230769230768,0.44,1,5,1,1,0.03,undefined,25
0,0,1,1,1,scenario1,3,4015,HIC,1000000,Absent,0.25,10,2,14,14,14,0.95,30,4015,1,1,1,30,1095,1185,vaccine,0.43461538461538457,0.43461538461538457,2.5,1000,35,75,565,0.091,0.021,0.44,5,0.6519230769230768,0.44,1,6,1,1,0.03,undefined,26
0,0,1,1,1,scenario1,3,4015,HIC,1000000,Absent,0.25,10,2,14,14,14,0.95,30,4015,1,1,1,30,1095,1185,vaccine,0.43461538461538457,0.43461538461538457,2.5,1000,35,75,565,0.091,0.021,0.44,5,0.6519230769230768,0.44,1,7,1,1,0.03,undefined,27
0,0,1,1,1,scenario1,3,4015,HIC,1000000,Absent,0.25,10,2,14,14,14,0.95,30,4015,1,1,1,30,1095,1185,vaccine,0.43461538461538457,0.43461538461538457,2.5,1000,35,75,565,0.091,0.021,0.44,5,0.6519230769230768,0.44,1,8,1,1,0.03,undefined,28
0,0,1,1,1,scenario1,3,4015,HIC,1000000,Absent,0.25,10,2,14,14,14,0.95,30,4015,1,1,1,30,1095,1185,vaccine,0.43461538461538457,0.43461538461538457,2.5,1000,35,75,565,0.091,0.021,0.44,5,0.6519230769230768,0.44,1,9,1,1,0.03,undefined,29
0,0,1,1,1,scenario1,3,4015,HIC,1000000,Absent,0.25,10,2,14,14,14,0.95,30,4015,1,1,1,30,1095,1185,vaccine,0.43461538461538457,0.43461538461538457,2.5,1000,35,75,565,0.091,0.021,0.44,5,0.6519230769230768,0.44,1,10,1,1,0.03,undefined,30
0,0,1,1,1,scenario1,3,4015,HIC,1000000,Absent,0.25,10,2,14,14,14,0.95,30,4015,1,1,1,30,1095,1185,vaccine,0.21730769230769229,0.21730769230769229,2.5,1000,35,75,565,0.091,0.021,0.44,5,0.6519230769230768,0.44,1,1,1,1,0.03,undefined,31
0,0,1,1,1,scenario1,3,4015,HIC,1000000,Absent,0.25,10,2,14,14,14,0.95,30,4015,1,1,1,30,1095,1185,vaccine,0.21730769230769229,0.21730769230769229,2.5,1000,35,75,565,0.091,0.021,0.44,5,0.6519230769230768,0.44,1,2,1,1,0.03,undefined,32
0,0,1,1,1,scenario1,3,4015,HIC,1000000,Absent,0.25,10,2,14,14,14,0.95,30,4015,1,1,1,30,1095,1185,vaccine,0.21730769230769229,0.21730769230769229,2.5,1000,35,75,565,0.091,0.021,0.44,5,0.6519230769230768,0.44,1,3,1,1,0.03,undefined,33
0,0,1,1,1,scenario1,3,4015,HIC,1000000,Absent,0.25,10,2,14,14,14,0.95,30,4015,1,1,1,30,1095,1185,vaccine,0.21730769230769229,0.21730769230769229,2.5,1000,35,75,565,0.091,0.021,0.44,5,0.6519230769230768,0.44,1,4,1,1,0.03,undefined,34
0,0,1,1,1,scenario1,3,4015,HIC,1000000,Absent,0.25,10,2,14,14,14,0.95,30,4015,1,1,1,30,1095,1185,vaccine,0.21730769230769229,0.21730769230769229,2.5,1000,35,75,565,0.091,0.021,0.44,5,0.6519230769230768,0.44,1,5,1,1,0.03,undefined,35
0,0,1,1,1,scenario1,3,4015,HIC,1000000,Absent,0.25,10,2,14,14,14,0.95,30,4015,1,1,1,30,1095,1185,vaccine,0.21730769230769229,0.21730769230769229,2.5,1000,35,75,565,0.091,0.021,0.44,5,0.6519230769230768,0.44,1,6,1,1,0.03,undefined,36
0,0,1,1,1,scenario1,3,4015,HIC,1000000,Absent,0.25,10,2,14,14,14,0.95,30,4015,1,1,1,30,1095,1185,vaccine,0.21730769230769229,0.21730769230769229,2.5,1000,35,75,565,0.091,0.021,0.44,5,0.6519230769230768,0.44,1,7,1,1,0.03,undefined,37
0,0,1,1,1,scenario1,3,4015,HIC,1000000,Absent,0.25,10,2,14,14,14,0.95,30,4015,1,1,1,30,1095,1185,vaccine,0.21730769230769229,0.21730769230769229,2.5,1000,35,75,565,0.091,0.021,0.44,5,0.6519230769230768,0.44,1,8,1,1,0.03,undefined,38
0,0,1,1,1,scenario1,3,4015,HIC,1000000,Absent,0.25,10,2,14,14,14,0.95,30,4015,1,1,1,30,1095,1185,vaccine,0.21730769230769229,0.21730769230769229,2.5,1000,35,75,565,0.091,0.021,0.44,5,0.6519230769230768,0.44,1,9,1,1,0.03,undefined,39
0,0,1,1,1,scenario1,3,4015,HIC,1000000,Absent,0.25,10,2,14,14,14,0.95,30,4015,1,1,1,30,1095,1185,vaccine,0.21730769230769229,0.21730769230769229,2.5,1000,35,75,565,0.091,0.021,0.44,5,0.6519230769230768,0.44,1,10,1,1,0.03,undefined,40
0,0,1,1,1,scenario1,3,4015,HIC,1000000,Absent,0.25,10,2,14,14,14,0.95,30,4015,1,1,1,30,1095,1185,vaccine,0.3259615384615384,0.3259615384615384,2.5,1000,35,75,565,0.091,0.021,0.44,5,0.6519230769230768,0.44,1,1,1,1,0.03,undefined,41
0,0,1,1,1,scenario1,3,4015,HIC,1000000,Absent,0.25,10,2,14,14,14,0.95,30,4015,1,1,1,30,1095,1185,vaccine,0.3259615384615384,0.3259615384615384,2.5,1000,35,75,565,0.091,0.021,0.44,5,0.6519230769230768,0.44,1,2,1,1,0.03,undefined,42
0,0,1,1,1,scenario1,3,4015,HIC,1000000,Absent,0.25,10,2,14,14,14,0.95,30,4015,1,1,1,30,1095,1185,vaccine,0.3259615384615384,0.3259615384615384,2.5,1000,35,75,565,0.091,0.021,0.44,5,0.6519230769230768,0.44,1,3,1,1,0.03,undefined,43
0,0,1,1,1,scenario1,3,4015,HIC,1000000,Absent,0.25,10,2,14,14,14,0.95,30,4015,1,1,1,30,1095,1185,vaccine,0.3259615384615384,0.3259615384615384,2.5,1000,35,75,565,0.091,0.021,0.44,5,0.6519230769230768,0.44,1,4,1,1,0.03,undefined,44
0,0,1,1,1,scenario1,3,4015,HIC,1000000,Absent,0.25,10,2,14,14,14,0.95,30,4015,1,1,1,30,1095,1185,vaccine,0.3259615384615384,0.3259615384615384,2.5,1000,35,75,565,0.091,0.021,0.44,5,0.6519230769230768,0.44,1,5,1,1,0.03,undefined,45
0,0,1,1,1,scenario1,3,4015,HIC,1000000,Absent,0.25,10,2,14,14,14,0.95,30,4015,1,1,1,30,1095,1185,vaccine,0.3259615384615384,0.3259615384615384,2.5,1000,35,75,565,0.091,0.021,0.44,5,0.6519230769230768,0.44,1,6,1,1,0.03,undefined,46
0,0,1,1,1,scenario1,3,4015,HIC,1000000,Absent,0.25,10,2,14,14,14,0.95,30,4015,1,1,1,30,1095,1185,vaccine,0.3259615384615384,0.3259615384615384,2.5,1000,35,75,565,0.091,0.021,0.44,5,0.6519230769230768,0.44,1,7,1,1,0.03,undefined,47
0,0,1,1,1,scenario1,3,4015,HIC,1000000,Absent,0.25,10,2,14,14,14,0.95,30,4015,1,1,1,30,1095,1185,vaccine,0.3259615384615384,0.3259615384615384,2.5,1000,35,75,565,0.091,0.021,0.44,5,0.6519230769230768,0.44,1,8,1,1,0.03,undefined,48
0,0,1,1,1,scenario1,3,4015,HIC,1000000,Absent,0.25,10,2,14,14,14,0.95,30,4015,1,1,1,30,1095,1185,vaccine,0.3259615384615384,0.3259615384615384,2.5,1000,35,75,565,0.091,0.021,0.44,5,0.6519230769230768,0.44,1,9,1,1,0.03,undefined,49
0,0,1,1,1,scenario1,3,4015,HIC,1000000,Absent,0.25,10,2,14,14,14,0.95,30,4015,1,1,1,30,1095,1185,vaccine,0.3259615384615384,0.3259615384615384,2.5,1000,35,75,565,0.091,0.021,0.44,5,0.6519230769230768,0.44,1,10,1,1,0.03,undefined,50
0,0,1,1,1,scenario1,3,4015,HIC,1000000,Absent,0.25,10,2,14,14,14,0.95,30,4015,1,1,1,30,1095,1185,vaccine,0.43461538461538457,0.43461538461538457,2.5,1000,35,75,565,0.091,0.021,0.44,5,0.6519230769230768,0.44,1,1,1,1,0.03,undefined,51
0,0,1,1,1,scenario1,3,4015,HIC,1000000,Absent,0.25,10,2,14,14,14,0.95,30,4015,1,1,1,30,1095,1185,vaccine,0.43461538461538457,0.43461538461538457,2.5,1000,35,75,565,0.091,0.021,0.44,5,0.6519230769230768,0.44,1,2,1,1,0.03,undefined,52
0,0,1,1,1,scenario1,3,4015,HIC,1000000,Absent,0.25,10,2,14,14,14,0.95,30,4015,1,1,1,30,1095,1185,vaccine,0.43461538461538457,0.43461538461538457,2.5,1000,35,75,565,0.091,0.021,0.44,5,0.6519230769230768,0.44,1,3,1,1,0.03,undefined,53
0,0,1,1,1,scenario1,3,4015,HIC,1000000,Absent,0.25,10,2,14,14,14,0.95,30,4015,1,1,1,30,1095,1185,vaccine,0.43461538461538457,0.43461538461538457,2.5,1000,35,75,565,0.091,0.021,0.44,5,0.6519230769230768,0.44,1,4,1,1,0.03,undefined,54
0,0,1,1,1,scenario1,3,4015,HIC,1000000,Absent,0.25,10,2,14,14,14,0.95,30,4015,1,1,1,30,1095,1185,vaccine,0.43461538461538457,0.43461538461538457,2.5,1000,35,75,565,0.091,0.021,0.44,5,0.6519230769230768,0.44,1,5,1,1,0.03,undefined,55
0,0,1,1,1,scenario1,3,4015,HIC,1000000,Absent,0.25,10,2,14,14,14,0.95,30,4015,1,1,1,30,1095,1185,vaccine,0.43461538461538457,0.43461538461538457,2.5,1000,35,75,565,0.091,0.021,0.44,5,0.6519230769230768,0.44,1,6,1,1,0.03,undefined,56
0,0,1,1,1,scenario1,3,4015,HIC,1000000,Absent,0.25,10,2,14,14,14,0.95,30,4015,1,1,1,30,1095,1185,vaccine,0.43461538461538457,0.43461538461538457,2.5,1000,35,75,565,0.091,0.021,0.44,5,0.6519230769230768,0.44,1,7,1,1,0.03,undefined,57
0,0,1,1,1,scenario1,3,4015,HIC,1000000,Absent,0.25,10,2,14,14,14,0.95,30,4015,1,1,1,30,1095,1185,vaccine,0.43461538461538457,0.43461538461538457,2.5,1000,35,75,565,0.091,0.021,0.44,5,0.6519230769230768,0.44,1,8,1,1,0.03,undefined,58
0,0,1,1,1,scenario1,3,4015,HIC,1000000,Absent,0.25,10,2,14,14,14,0.95,30,4015,1,1,1,30,1095,1185,vaccine,0.43461538461538457,0.43461538461538457,2.5,1000,35,75,565,0.091,0.021,0.44,5,0.6519230769230768,0.44,1,9,1,1,0.03,undefined,59
0,0,1,1,1,scenario1,3,4015,HIC,1000000,Absent,0.25,10,2,14,14,14,0.95,30,4015,1,1,1,30,1095,1185,vaccine,0.43461538461538457,0.43461538461538457,2.5,1000,35,75,565,0.091,0.021,0.44,5,0.6519230769230768,0.44,1,10,1,1,0.03,undefined,60
0,0,1,1,1,scenario1,3,4015,HIC,1000000,Absent,0.25,10,2,14,14,14,0.95,30,4015,1,1,1,30,1095,1185,vaccine,0.21730769230769229,0.21730769230769229,2.5,1000,35,75,565,0.091,0.021,0.44,5,0.6519230769230768,0.44,1,1,1,1,0.03,undefined,61
0,0,1,1,1,scenario1,3,4015,HIC,1000000,Absent,0.25,10,2,14,14,14,0.95,30,4015,1,1,1,30,1095,1185,vaccine,0.21730769230769229,0.21730769230769229,2.5,1000,35,75,565,0.091,0.021,0.44,5,0.6519230769230768,0.44,1,2,1,1,0.03,undefined,62
0,0,1,1,1,scenario1,3,4015,HIC,1000000,Absent,0.25,10,2,14,14,14,0.95,30,4015,1,1,1,30,1095,1185,vaccine,0.21730769230769229,0.21730769230769229,2.5,1000,35,75,565,0.091,0.021,0.44,5,0.6519230769230768,0.44,1,3,1,1,0.03,undefined,63
0,0,1,1,1,scenario1,3,4015,HIC,1000000,Absent,0.25,10,2,14,14,14,0.95,30,4015,1,1,1,30,1095,1185,vaccine,0.21730769230769229,0.21730769230769229,2.5,1000,35,75,565,0.091,0.021,0.44,5,0.6519230769230768,0.44,1,4,1,1,0.03,undefined,64
0,0,1,1,1,scenario1,3,4015,HIC,1000000,Absent,0.25,10,2,14,14,14,0.95,30,4015,1,1,1,30,1095,1185,vaccine,0.21730769230769229,0.21730769230769229,2.5,1000,35,75,565,0.091,0.021,0.44,5,0.6519230769230768,0.44,1,5,1,1,0.03,undefined,65
0,0,1,1,1,scenario1,3,4015,HIC,1000000,Absent,0.25,10,2,14,14,14,0.95,30,4015,1,1,1,30,1095,1185,vaccine,0.21730769230769229,0.21730769230769229,2.5,1000,35,75,565,0.091,0.021,0.44,5,0.6519230769230768,0.44,1,6,1,1,0.03,undefined,66
0,0,1,1,1,scenario1,3,4015,HIC,1000000,Absent,0.25,10,2,14,14,14,0.95,30,4015,1,1,1,30,1095,1185,vaccine,0.21730769230769229,0.21730769230769229,2.5,1000,35,75,565,0.091,0.021,0.44,5,0.6519230769230768,0.44,1,7,1,1,0.03,undefined,67
0,0,1,1,1,scenario1,3,4015,HIC,1000000,Absent,0.25,10,2,14,14,14,0.95,30,4015,1,1,1,30,1095,1185,vaccine,0.21730769230769229,0.21730769230769229,2.5,1000,35,75,565,0.091,0.021,0.44,5,0.6519230769230768,0.44,1,8,1,1,0.03,undefined,68
0,0,1,1,1,scenario1,3,4015,HIC,1000000,Absent,0.25,10,2,14,14,14,0.95,30,4015,1,1,1,30,1095,1185,vaccine,0.21730769230769229,0.21730769230769229,2.5,1000,35,75,565,0.091,0.021,0.44,5,0.6519230769230768,0.44,1,9,1,1,0.03,undefined,69
0,0,1,1,1,scenario1,3,4015,HIC,1000000,Absent,0.25,10,2,14,14,14,0.95,30,4015,1,1,1,30,1095,1185,vaccine,0.21730769230769229,0.21730769230769229,2.5,1000,35,75,565,0.091,0.021,0.44,5,0.6519230769230768,0.44,1,10,1,1,0.03,undefined,70
0,0,1,1,1,scenario1,3,4015,HIC,1000000,Absent,0.25,10,2,14,14,14,0.95,30,4015,1,1,1,30,1095,1185,vaccine,0.3259615384615384,0.3259615384615384,2.5,1000,35,75,565,0.091,0.021,0.44,5,0.6519230769230768,0.44,1,1,1,1,0.03,undefined,71
0,0,1,1,1,scenario1,3,4015,HIC,1000000,Absent,0.25,10,2,14,14,14,0.95,30,4015,1,1,1,30,1095,1185,vaccine,0.3259615384615384,0.3259615384615384,2.5,1000,35,75,565,0.091,0.021,0.44,5,0.6519230769230768,0.44,1,2,1,1,0.03,undefined,72
0,0,1,1,1,scenario1,3,4015,HIC,1000000,Absent,0.25,10,2,14,14,14,0.95,30,4015,1,1,1,30,1095,1185,vaccine,0.3259615384615384,0.3259615384615384,2.5,1000,35,75,565,0.091,0.021,0.44,5,0.6519230769230768,0.44,1,3,1,1,0.03,undefined,73
0,0,1,1,1,scenario1,3,4015,HIC,1000000,Absent,0.25,10,2,14,14,14,0.95,30,4015,1,1,1,30,1095,1185,vaccine,0.3259615384615384,0.3259615384615384,2.5,1000,35,75,565,0.091,0.021,0.44,5,0.6519230769230768,0.44,1,4,1,1,0.03,undefined,74
0,0,1,1,1,scenario1,3,4015,HIC,1000000,Absent,0.25,10,2,14,14,14,0.95,30,4015,1,1,1,30,1095,1185,vaccine,0.3259615384615384,0.3259615384615384,2.5,1000,35,75,565,0.091,0.021,0.44,5,0.6519230769230768,0.44,1,5,1,1,0.03,undefined,75
0,0,1,1,1,scenario1,3,4015,HIC,1000000,Absent,0.25,10,2,14,14,14,0.95,30,4015,1,1,1,30,1095,1185,vaccine,0.3259615384615384,0.3259615384615384,2.5,1000,35,75,565,0.091,0.021,0.44,5,0.6519230769230768,0.44,1,6,1,1,0.03,undefined,76
0,0,1,1,1,scenario1,3,4015,HIC,1000000,Absent,0.25,10,2,14,14,14,0.95,30,4015,1,1,1,30,1095,1185,vaccine,0.3259615384615384,0.3259615384615384,2.5,1000,35,75,565,0.091,0.021,0.44,5,0.6519230769230768,0.44,1,7,1,1,0.03,undefined,77
0,0,1,1,1,scenario1,3,4015,HIC,1000000,Absent,0.25,10,2,14,14,14,0.95,30,4015,1,1,1,30,1095,1185,vaccine,0.3259615384615384,0.3259615384615384,2.5,1000,35,75,565,0.091,0.021,0.44,5,0.6519230769230768,0.44,1,8,1,1,0.03,undefined,78
0,0,1,1,1,scenario1,3,4015,HIC,1000000,Absent,0.25,10,2,14,14,14,0.95,30,4015,1,1,1,30,1095,1185,vaccine,0.3259615384615384,0.3259615384615384,2.5,1000,35,75,565,0.091,0.021,0.44,5,0.6519230769230768,0.44,1,9,1,1,0.03,undefined,79
0,0,1,1,1,scenario1,3,4015,HIC,1000000,Absent,0.25,10,2,14,14,14,0.95,30,4015,1,1,1,30,1095,1185,vaccine,0.3259615384615384,0.3259615384615384,2.5,1000,35,75,565,0.091,0.021,0.44,5,0.6519230769230768,0.44,1,10,1,1,0.03,undefined,80
0,0,1,1,1,scenario1,3,4015,HIC,1000000,Absent,0.25,10,2,14,14,14,0.95,30,4015,1,1,1,30,1095,1185,vaccine,0.43461538461538457,0.43461538461538457,2.5,1000,35,75,565,0.091,0.021,0.44,5,0.6519230769230768,0.44,1,1,1,1,0.03,undefined,81
0,0,1,1,1,scenario1,3,4015,HIC,1000000,Absent,0.25,10,2,14,14,14,0.95,30,4015,1,1,1,30,1095,1185,vaccine,0.43461538461538457,0.43461538461538457,2.5,1000,35,75,565,0.091,0.021,0.44,5,0.6519230769230768,0.44,1,2,1,1,0.03,undefined,82
0,0,1,1,1,scenario1,3,4015,HIC,1000000,Absent,0.25,10,2,14,14,14,0.95,30,4015,1,1,1,30,1095,1185,vaccine,0.43461538461538457,0.43461538461538457,2.5,1000,35,75,565,0.091,0.021,0.44,5,0.6519230769230768,0.44,1,3,1,1,0.03,undefined,83
0,0,1,1,1,scenario1,3,4015,HIC,1000000,Absent,0.25,10,2,14,14,14,0.95,30,4015,1,1,1,30,1095,1185,vaccine,0.43461538461538457,0.43461538461538457,2.5,1000,35,75,565,0.091,0.021,0.44,5,0.6519230769230768,0.44,1,4,1,1,0.03,undefined,84
0,0,1,1,1,scenario1,3,4015,HIC,1000000,Absent,0.25,10,2,14,14,14,0.95,30,4015,1,1,1,30,1095,1185,vaccine,0.43461538461538457,0.43461538461538457,2.5,1000,35,75,565,0.091,0.021,0.44,5,0.6519230769230768,0.44,1,5,1,1,0.03,undefined,85
0,0,1,1,1,scenario1,3,4015,HIC,1000000,Absent,0.25,10,2,14,14,14,0.95,30,4015,1,1,1,30,1095,1185,vaccine,0.43461538461538457,0.43461538461538457,2.5,1000,35,75,565,0.091,0.021,0.44,5,0.6519230769230768,0.44,1,6,1,1,0.03,undefined,86
0,0,1,1,1,scenario1,3,4015,HIC,1000000,Absent,0.25,10,2,14,14,14,0.95,30,4015,1,1,1,30,1095,1185,vaccine,0.43461538461538457,0.43461538461538457,2.5,1000,35,75,565,0.091,0.021,0.44,5,0.6519230769230768,0.44,1,7,1,1,0.03,undefined,87
0,0,1,1,1,scenario1,3,4015,HIC,1000000,Absent,0.25,10,2,14,14,14,0.95,30,4015,1,1,1,30,1095,1185,vaccine,0.43461538461538457,0.43461538461538457,2.5,1000,35,75,565,0.091,0.021,0.44,5,0.6519230769230768,0.44,1,8,1,1,0.03,undefined,88
0,0,1,1,1,scenario1,3,4015,HIC,1000000,Absent,0.25,10,2,14,14,14,0.95,30,4015,1,1,1,30,1095,1185,vaccine,0.43461538461538457,0.43461538461538457,2.5,1000,35,75,565,0.091,0.021,0.44,5,0.6519230769230768,0.44,1,9,1,1,0.03,undefined,89
0,0,1,1,1,scenario1,3,4015,HIC,1000000,Absent,0.25,10,2,14,14,14,0.95,30,4015,1,1,1,30,1095,1185,vaccine,0.43461538461538457,0.43461538461538457,2.5,1000,35,75,565,0.091,0.021,0.44,5,0.6519230769230768,0.44,1,10,1,1,0.03,undefined,90
0,0,1,1,1,scenario1,3,4015,HIC,1000000,Absent,0.25,10,2,14,14,14,0.95,30,4015,1,1,1,30,1095,1185,vaccine,0.21730769230769229,0.21730769230769229,2.5,1000,35,75,565,0.091,0.021,0.44,5,0.6519230769230768,0.44,1,1,1,1,0.03,undefined,91
0,0,1,1,1,scenario1,3,4015,HIC,1000000,Absent,0.25,10,2,14,14,14,0.95,30,4015,1,1,1,30,1095,1185,vaccine,0.21730769230769229,0.21730769230769229,2.5,1000,35,75,565,0.091,0.021,0.44,5,0.6519230769230768,0.44,1,2,1,1,0.03,undefined,92
0,0,1,1,1,scenario1,3,4015,HIC,1000000,Absent,0.25,10,2,14,14,14,0.95,30,4015,1,1,1,30,1095,1185,vaccine,0.21730769230769229,0.21730769230769229,2.5,1000,35,75,565,0.091,0.021,0.44,5,0.6519230769230768,0.44,1,3,1,1,0.03,undefined,93
0,0,1,1,1,scenario1,3,4015,HIC,1000000,Absent,0.25,10,2,14,14,14,0.95,30,4015,1,1,1,30,1095,1185,vaccine,0.21730769230769229,0.21730769230769229,2.5,1000,35,75,565,0.091,0.021,0.44,5,0.6519230769230768,0.44,1,4,1,1,0.03,undefined,94
0,0,1,1,1,scenario1,3,4015,HIC,1000000,Absent,0.25,10,2,14,14,14,0.95,30,4015,1,1,1,30,1095,1185,vaccine,0.21730769230769229,0.21730769230769229,2.5,1000,35,75,565,0.091,0.021,0.44,5,0.6519230769230768,0.44,1,5,1,1,0.03,undefined,95
0,0,1,1,1,scenario1,3,4015,HIC,1000000,Absent,0.25,10,2,14,14,14,0.95,30,4015,1,1,1,30,1095,1185,vaccine,0.21730769230769229,0.21730769230769229,2.5,1000,35,75,565,0.091,0.021,0.44,5,0.6519230769230768,0.44,1,6,1,1,0.03,undefined,96
0,0,1,1,1,scenario1,3,4015,HIC,1000000,Absent,0.25,10,2,14,14,14,0.95,30,4015,1,1,1,30,1095,1185,vaccine,0.21730769230769229,0.21730769230769229,2.5,1000,35,75,565,0.091,0.021,0.44,5,0.6519230769230768,0.44,1,7,1,1,0.03,undefined,97
0,0,1,1,1,scenario1,3,4015,HIC,1000000,Absent,0.25,10,2,14,14,14,0.95,30,4015,1,1,1,30,1095,1185,vaccine,0.21730769230769229,0.21730769230769229,2.5,1000,35,75,565,0.091,0.021,0.44,5,0.6519230769230768,0.44,1,8,1,1,0.03,undefined,98
0,0,1,1,1,scenario1,3,4015,HIC,1000000,Absent,0.25,10,2,14,14,14,0.95,30,4015,1,1,1,30,1095,1185,vaccine,0.21730769230769229,0.21730769230769229,2.5,1000,35,75,565,0.091,0.021,0.44,5,0.6519230769230768,0.44,1,9,1,1,0.03,undefined,99
0,0,1,1,1,scenario1,3,4015,HIC,1000000,Absent,0.25,10,2,14,14,14,0.95,30,4015,1,1,1,30,1095,1185,vaccine,0.21730769230769229,0.21730769230769229,2.5,1000,35,75,565,0.091,0.021,0.44,5,0.6519230769230768,0.44,1,10,1,1,0.03,undefined,100
0,0,1,1,1,scenario1,3,4015,HIC,1000000,Absent,0.25,10,2,14,14,14,0.95,30,4015,1,1,1,30,1095,1185,vaccine,0.3259615384615384,0.3259615384615384,2.5,1000,35,75,565,0.091,0.021,0.44,5,0.6519230769230768,0.44,1,1,1,1,0.03,undefined,101
0,0,1,1,1,scenario1,3,4015,HIC,1000000,Absent,0.25,10,2,14,14,14,0.95,30,4015,1,1,1,30,1095,1185,vaccine,0.3259615384615384,0.3259615384615384,2.5,1000,35,75,565,0.091,0.021,0.44,5,0.6519230769230768,0.44,1,2,1,1,0.03,undefined,102
0,0,1,1,1,scenario1,3,4015,HIC,1000000,Absent,0.25,10,2,14,14,14,0.95,30,4015,1,1,1,30,1095,1185,vaccine,0.3259615384615384,0.3259615384615384,2.5,1000,35,75,565,0.091,0.021,0.44,5,0.6519230769230768,0.44,1,3,1,1,0.03,undefined,103
0,0,1,1,1,scenario1,3,4015,HIC,1000000,Absent,0.25,10,2,14,14,14,0.95,30,4015,1,1,1,30,1095,1185,vaccine,0.3259615384615384,0.3259615384615384,2.5,1000,35,75,565,0.091,0.021,0.44,5,0.6519230769230768,0.44,1,4,1,1,0.03,undefined,104
0,0,1,1,1,scenario1,3,4015,HIC,1000000,Absent,0.25,10,2,14,14,14,0.95,30,4015,1,1,1,30,1095,1185,vaccine,0.3259615384615384,0.3259615384615384,2.5,1000,35,75,565,0.091,0.021,0.44,5,0.6519230769230768,0.44,1,5,1,1,0.03,undefined,105
0,0,1,1,1,scenario1,3,4015,HIC,1000000,Absent,0.25,10,2,14,14,14,0.95,30,4015,1,1,1,30,1095,1185,vaccine,0.3259615384615384,0.3259615384615384,2.5,1000,35,75,565,0.091,0.021,0.44,5,0.6519230769230768,0.44,1,6,1,1,0.03,undefined,106
0,0,1,1,1,scenario1,3,4015,HIC,1000000,Absent,0.25,10,2,14,14,14,0.95,30,4015,1,1,1,30,1095,1185,vaccine,0.3259615384615384,0.3259615384615384,2.5,1000,35,75,565,0.091,0.021,0.44,5,0.6519230769230768,0.44,1,7,1,1,0.03,undefined,107
0,0,1,1,1,scenario1,3,4015,HIC,1000000,Absent,0.25,10,2,14,14,14,0.95,30,4015,1,1,1,30,1095,1185,vaccine,0.3259615384615384,0.3259615384615384,2.5,1000,35,75,565,0.091,0.021,0.44,5,0.6519230769230768,0.44,1,8,1,1,0.03,undefined,108
0,0,1,1,1,scenario1,3,4015,HIC,1000000,Absent,0.25,10,2,14,14,14,0.95,30,4015,1,1,1,30,1095,1185,vaccine,0.3259615384615384,0.3259615384615384,2.5,1000,35,75,565,0.091,0.021,0.44,5,0.6519230769230768,0.44,1,9,1,1,0.03,undefined,109
0,0,1,1,1,scenario1,3,4015,HIC,1000000,Absent,0.25,10,2,14,14,14,0.95,30,4015,1,1,1,30,1095,1185,vaccine,0.3259615384615384,0.3259615384615384,2.5,1000,35,75,565,0.091,0.021,0.44,5,0.6519230769230768,0.44,1,10,1,1,0.03,undefined,110
0,0,1,1,1,scenario1,3,4015,HIC,1000000,Absent,0.25,10,2,14,14,14,0.95,30,4015,1,1,1,30,1095,1185,vaccine,0.43461538461538457,0.43461538461538457,2.5,1000,35,75,565,0.091,0.021,0.44,5,0.6519230769230768,0.44,1,1,1,1,0.03,undefined,111
0,0,1,1,1,scenario1,3,4015,HIC,1000000,Absent,0.25,10,2,14,14,14,0.95,30,4015,1,1,1,30,1095,1185,vaccine,0.43461538461538457,0.43461538461538457,2.5,1000,35,75,565,0.091,0.021,0.44,5,0.6519230769230768,0.44,1,2,1,1,0.03,undefined,112
0,0,1,1,1,scenario1,3,4015,HIC,1000000,Absent,0.25,10,2,14,14,14,0.95,30,4015,1,1,1,30,1095,1185,vaccine,0.43461538461538457,0.43461538461538457,2.5,1000,35,75,565,0.091,0.021,0.44,5,0.6519230769230768,0.44,1,3,1,1,0.03,undefined,113
0,0,1,1,1,scenario1,3,4015,HIC,1000000,Absent,0.25,10,2,14,14,14,0.95,30,4015,1,1,1,30,1095,1185,vaccine,0.43461538461538457,0.43461538461538457,2.5,1000,35,75,565,0.091,0.021,0.44,5,0.6519230769230768,0.44,1,4,1,1,0.03,undefined,114
0,0,1,1,1,scenario1,3,4015,HIC,1000000,Absent,0.25,10,2,14,14,14,0.95,30,4015,1,1,1,30,1095,1185,vaccine,0.43461538461538457,0.43461538461538457,2.5,1000,35,75,565,0.091,0.021,0.44,5,0.6519230769230768,0.44,1,5,1,1,0.03,undefined,115
0,0,1,1,1,scenario1,3,4015,HIC,1000000,Absent,0.25,10,2,14,14,14,0.95,30,4015,1,1,1,30,1095,1185,vaccine,0.43461538461538457,0.43461538461538457,2.5,1000,35,75,565,0.091,0.021,0.44,5,0.6519230769230768,0.44,1,6,1,1,0.03,undefined,116
0,0,1,1,1,scenario1,3,4015,HIC,1000000,Absent,0.25,10,2,14,14,14,0.95,30,4015,1,1,1,30,1095,1185,vaccine,0.43461538461538457,0.43461538461538457,2.5,1000,35,75,565,0.091,0.021,0.44,5,0.6519230769230768,0.44,1,7,1,1,0.03,undefined,117
0,0,1,1,1,scenario1,3,4015,HIC,1000000,Absent,0.25,10,2,14,14,14,0.95,30,4015,1,1,1,30,1095,1185,vaccine,0.43461538461538457,0.43461538461538457,2.5,1000,35,75,565,0.091,0.021,0.44,5,0.6519230769230768,0.44,1,8,1,1,0.03,undefined,118
0,0,1,1,1,scenario1,3,4015,HIC,1000000,Absent,0.25,10,2,14,14,14,0.95,30,4015,1,1,1,30,1095,1185,vaccine,0.43461538461538457,0.43461538461538457,2.5,1000,35,75,565,0.091,0.021,0.44,5,0.6519230769230768,0.44,1,9,1,1,0.03,undefined,119
0,0,1,1,1,scenario1,3,4015,HIC,1000000,Absent,0.25,10,2,14,14,14,0.95,30,4015,1,1,1,30,1095,1185,vaccine,0.43461538461538457,0.43461538461538457,2.5,1000,35,75,565,0.091,0.021,0.44,5,0.6519230769230768,0.44,1,10,1,1,0.03,undefined,120
1,0,1,1,1,scenario1,3,4015,HIC,1000000,Absent,0.25,10,2,14,14,14,0.95,30,3130,1,1,1,30,1095,1185,vaccine,0.21730769230769229,0.21730769230769229,2.5,1000,35,75,565,0.091,0.021,0.44,5,0.6519230769230768,0.44,1,1,1,1,0.03,undefined,121
1,0,1,1,1,scenario1,3,4015,HIC,1000000,Absent,0.25,10,2,14,14,14,0.95,30,3130,1,1,1,30,1095,1185,vaccine,0.21730769230769229,0.21730769230769229,2.5,1000,35,75,565,0.091,0.021,0.44,5,0.6519230769230768,0.44,1,2,1,1,0.03,undefined,122
1,0,1,1,1,scenario1,3,4015,HIC,1000000,Absent,0.25,10,2,14,14,14,0.95,30,3130,1,1,1,30,1095,1185,vaccine,0.21730769230769229,0.21730769230769229,2.5,1000,35,75,565,0.091,0.021,0.44,5,0.6519230769230768,0.44,1,3,1,1,0.03,undefined,123
1,0,1,1,1,scenario1,3,4015,HIC,1000000,Absent,0.25,10,2,14,14,14,0.95,30,3130,1,1,1,30,1095,1185,vaccine,0.21730769230769229,0.21730769230769229,2.5,1000,35,75,565,0.091,0.021,0.44,5,0.6519230769230768,0.44,1,4,1,1,0.03,undefined,124
1,0,1,1,1,scenario1,3,4015,HIC,1000000,Absent,0.25,10,2,14,14,14,0.95,30,3130,1,1,1,30,1095,1185,vaccine,0.21730769230769229,0.21730769230769229,2.5,1000,35,75,565,0.091,0.021,0.44,5,0.6519230769230768,0.44,1,5,1,1,0.03,undefined,125
1,0,1,1,1,scenario1,3,4015,HIC,1000000,Absent,0.25,10,2,14,14,14,0.95,30,3130,1,1,1,30,1095,1185,vaccine,0.21730769230769229,0.21730769230769229,2.5,1000,35,75,565,0.091,0.021,0.44,5,0.6519230769230768,0.44,1,6,1,1,0.03,undefined,126
1,0,1,1,1,scenario1,3,4015,HIC,1000000,Absent,0.25,10,2,14,14,14,0.95,30,3130,1,1,1,30,1095,1185,vaccine,0.21730769230769229,0.21730769230769229,2.5,1000,35,75,565,0.091,0.021,0.44,5,0.6519230769230768,0.44,1,7,1,1,0.03,undefined,127
1,0,1,1,1,scenario1,3,4015,HIC,1000000,Absent,0.25,10,2,14,14,14,0.95,30,3130,1,1,1,30,1095,1185,vaccine,0.21730769230769229,0.21730769230769229,2.5,1000,35,75,565,0.091,0.021,0.44,5,0.6519230769230768,0.44,1,8,1,1,0.03,undefined,128
1,0,1,1,1,scenario1,3,4015,HIC,1000000,Absent,0.25,10,2,14,14,14,0.95,30,3130,1,1,1,30,1095,1185,vaccine,0.21730769230769229,0.21730769230769229,2.5,1000,35,75,565,0.091,0.021,0.44,5,0.6519230769230768,0.44,1,9,1,1,0.03,undefined,129
1,0,1,1,1,scenario1,3,4015,HIC,1000000,Absent,0.25,10,2,14,14,14,0.95,30,3130,1,1,1,30,1095,1185,vaccine,0.21730769230769229,0.21730769230769229,2.5,1000,35,75,565,0.091,0.021,0.44,5,0.6519230769230768,0.44,1,10,1,1,0.03,undefined,130
1,0,1,1,1,scenario1,3,4015,HIC,1000000,Absent,0.25,10,2,14,14,14,0.95,30,3130,1,1,1,30,1095,1185,vaccine,0.3259615384615384,0.3259615384615384,2.5,1000,35,75,565,0.091,0.021,0.44,5,0.6519230769230768,0.44,1,1,1,1,0.03,undefined,131
1,0,1,1,1,scenario1,3,4015,HIC,1000000,Absent,0.25,10,2,14,14,14,0.95,30,3130,1,1,1,30,1095,1185,vaccine,0.3259615384615384,0.3259615384615384,2.5,1000,35,75,565,0.091,0.021,0.44,5,0.6519230769230768,0.44,1,2,1,1,0.03,undefined,132
1,0,1,1,1,scenario1,3,4015,HIC,1000000,Absent,0.25,10,2,14,14,14,0.95,30,3130,1,1,1,30,1095,1185,vaccine,0.3259615384615384,0.3259615384615384,2.5,1000,35,75,565,0.091,0.021,0.44,5,0.6519230769230768,0.44,1,3,1,1,0.03,undefined,133
1,0,1,1,1,scenario1,3,4015,HIC,1000000,Absent,0.25,10,2,14,14,14,0.95,30,3130,1,1,1,30,1095,1185,vaccine,0.3259615384615384,0.3259615384615384,2.5,1000,35,75,565,0.091,0.021,0.44,5,0.6519230769230768,0.44,1,4,1,1,0.03,undefined,134
1,0,1,1,1,scenario1,3,4015,HIC,1000000,Absent,0.25,10,2,14,14,14,0.95,30,3130,1,1,1,30,1095,1185,vaccine,0.3259615384615384,0.3259615384615384,2.5,1000,35,75,565,0.091,0.021,0.44,5,0.6519230769230768,0.44,1,5,1,1,0.03,undefined,135
1,0,1,1,1,scenario1,3,4015,HIC,1000000,Absent,0.25,10,2,14,14,14,0.95,30,3130,1,1,1,30,1095,1185,vaccine,0.3259615384615384,0.3259615384615384,2.5,1000,35,75,565,0.091,0.021,0.44,5,0.6519230769230768,0.44,1,6,1,1,0.03,undefined,136
1,0,1,1,1,scenario1,3,4015,HIC,1000000,Absent,0.25,10,2,14,14,14,0.95,30,3130,1,1,1,30,1095,1185,vaccine,0.3259615384615384,0.3259615384615384,2.5,1000,35,75,565,0.091,0.021,0.44,5,0.6519230769230768,0.44,1,7,1,1,0.03,undefined,137
1,0,1,1,1,scenario1,3,4015,HIC,1000000,Absent,0.25,10,2,14,14,14,0.95,30,3130,1,1,1,30,1095,1185,vaccine,0.3259615384615384,0.3259615384615384,2.5,1000,35,75,565,0.091,0.021,0.44,5,0.6519230769230768,0.44,1,8,1,1,0.03,undefined,138
1,0,1,1,1,scenario1,3,4015,HIC,1000000,Absent,0.25,10,2,14,14,14,0.95,30,3130,1,1,1,30,1095,1185,vaccine,0.3259615384615384,0.3259615384615384,2.5,1000,35,75,565,0.091,0.021,0.44,5,0.6519230769230768,0.44,1,9,1,1,0.03,undefined,139
1,0,1,1,1,scenario1,3,4015,HIC,1000000,Absent,0.25,10,2,14,14,14,0.95,30,3130,1,1,1,30,1095,1185,vaccine,0.3259615384615384,0.3259615384615384,2.5,1000,35,75,565,0.091,0.021,0.44,5,0.6519230769230768,0.44,1,10,1,1,0.03,undefined,140
1,0,1,1,1,scenario1,3,4015,HIC,1000000,Absent,0.25,10,2,14,14,14,0.95,30,3130,1,1,1,30,1095,1185,vaccine,0.43461538461538457,0.43461538461538457,2.5,1000,35,75,565,0.091,0.021,0.44,5,0.6519230769230768,0.44,1,1,1,1,0.03,undefined,141
1,0,1,1,1,scenario1,3,4015,HIC,1000000,Absent,0.25,10,2,14,14,14,0.95,30,3130,1,1,1,30,1095,1185,vaccine,0.43461538461538457,0.43461538461538457,2.5,1000,35,75,565,0.091,0.021,0.44,5,0.6519230769230768,0.44,1,2,1,1,0.03,undefined,142
1,0,1,1,1,scenario1,3,4015,HIC,1000000,Absent,0.25,10,2,14,14,14,0.95,30,3130,1,1,1,30,1095,1185,vaccine,0.43461538461538457,0.43461538461538457,2.5,1000,35,75,565,0.091,0.021,0.44,5,0.6519230769230768,0.44,1,3,1,1,0.03,undefined,143
1,0,1,1,1,scenario1,3,4015,HIC,1000000,Absent,0.25,10,2,14,14,14,0.95,30,3130,1,1,1,30,1095,1185,vaccine,0.43461538461538457,0.43461538461538457,2.5,1000,35,75,565,0.091,0.021,0.44,5,0.6519230769230768,0.44,1,4,1,1,0.03,undefined,144
1,0,1,1,1,scenario1,3,4015,HIC,1000000,Absent,0.25,10,2,14,14,14,0.95,30,3130,1,1,1,30,1095,1185,vaccine,0.43461538461538457,0.43461538461538457,2.5,1000,35,75,565,0.091,0.021,0.44,5,0.6519230769230768,0.44,1,5,1,1,0.03,undefined,145
1,0,1,1,1,scenario1,3,4015,HIC,1000000,Absent,0.25,10,2,14,14,14,0.95,30,3130,1,1,1,30,1095,1185,vaccine,0.43461538461538457,0.43461538461538457,2.5,1000,35,75,565,0.091,0.021,0.44,5,0.6519230769230768,0.44,1,6,1,1,0.03,undefined,146
1,0,1,1,1,scenario1,3,4015,HIC,1000000,Absent,0.25,10,2,14,14,14,0.95,30,3130,1,1,1,30,1095,1185,vaccine,0.43461538461538457,0.43461538461538457,2.5,1000,35,75,565,0.091,0.021,0.44,5,0.6519230769230768,0.44,1,7,1,1,0.03,undefined,147
1,0,1,1,1,scenario1,3,4015,HIC,1000000,Absent,0.25,10,2,14,14,14,0.95,30,3130,1,1,1,30,1095,1185,vaccine,0.43461538461538457,0.43461538461538457,2.5,1000,35,75,565,0.091,0.021,0.44,5,0.6519230769230768,0.44,1,8,1,1,0.03,undefined,148
1,0,1,1,1,scenario1,3,4015,HIC,1000000,Absent,0.25,10,2,14,14,14,0.95,30,3130,1,1,1,30,1095,1185,vaccine,0.43461538461538457,0.43461538461538457,2.5,1000,35,75,565,0.091,0.021,0.44,5,0.6519230769230768,0.44,1,9,1,1,0.03,undefined,149
1,0,1,1,1,scenario1,3,4015,HIC,1000000,Absent,0.25,10,2,14,14,14,0.95,30,3130,1,1,1,30,1095,1185,vaccine,0.43461538461538457,0.43461538461538457,2.5,1000,35,75,565,0.091,0.021,0.44,5,0.6519230769230768,0.44,1,10,1,1,0.03,undefined,150
1,0,1,1,1,scenario1,3,4015,HIC,1000000,Absent,0.25,10,2,14,14,14,0.95,30,3190,1,1,1,30,1095,1185,vaccine,0.21730769230769229,0.21730769230769229,2.5,1000,35,75,565,0.091,0.021,0.44,5,0.6519230769230768,0.44,1,1,1,1,0.03,undefined,151
1,0,1,1,1,scenario1,3,4015,HIC,1000000,Absent,0.25,10,2,14,14,14,0.95,30,3190,1,1,1,30,1095,1185,vaccine,0.21730769230769229,0.21730769230769229,2.5,1000,35,75,565,0.091,0.021,0.44,5,0.6519230769230768,0.44,1,2,1,1,0.03,undefined,152
1,0,1,1,1,scenario1,3,4015,HIC,1000000,Absent,0.25,10,2,14,14,14,0.95,30,3190,1,1,1,30,1095,1185,vaccine,0.21730769230769229,0.21730769230769229,2.5,1000,35,75,565,0.091,0.021,0.44,5,0.6519230769230768,0.44,1,3,1,1,0.03,undefined,153
1,0,1,1,1,scenario1,3,4015,HIC,1000000,Absent,0.25,10,2,14,14,14,0.95,30,3190,1,1,1,30,1095,1185,vaccine,0.21730769230769229,0.21730769230769229,2.5,1000,35,75,565,0.091,0.021,0.44,5,0.6519230769230768,0.44,1,4,1,1,0.03,undefined,154
1,0,1,1,1,scenario1,3,4015,HIC,1000000,Absent,0.25,10,2,14,14,14,0.95,30,3190,1,1,1,30,1095,1185,vaccine,0.21730769230769229,0.21730769230769229,2.5,1000,35,75,565,0.091,0.021,0.44,5,0.6519230769230768,0.44,1,5,1,1,0.03,undefined,155
1,0,1,1,1,scenario1,3,4015,HIC,1000000,Absent,0.25,10,2,14,14,14,0.95,30,3190,1,1,1,30,1095,1185,vaccine,0.21730769230769229,0.21730769230769229,2.5,1000,35,75,565,0.091,0.021,0.44,5,0.6519230769230768,0.44,1,6,1,1,0.03,undefined,156
1,0,1,1,1,scenario1,3,4015,HIC,1000000,Absent,0.25,10,2,14,14,14,0.95,30,3190,1,1,1,30,1095,1185,vaccine,0.21730769230769229,0.21730769230769229,2.5,1000,35,75,565,0.091,0.021,0.44,5,0.6519230769230768,0.44,1,7,1,1,0.03,undefined,157
1,0,1,1,1,scenario1,3,4015,HIC,1000000,Absent,0.25,10,2,14,14,14,0.95,30,3190,1,1,1,30,1095,1185,vaccine,0.21730769230769229,0.21730769230769229,2.5,1000,35,75,565,0.091,0.021,0.44,5,0.6519230769230768,0.44,1,8,1,1,0.03,undefined,158
1,0,1,1,1,scenario1,3,4015,HIC,1000000,Absent,0.25,10,2,14,14,14,0.95,30,3190,1,1,1,30,1095,1185,vaccine,0.21730769230769229,0.21730769230769229,2.5,1000,35,75,565,0.091,0.021,0.44,5,0.6519230769230768,0.44,1,9,1,1,0.03,undefined,159
1,0,1,1,1,scenario1,3,4015,HIC,1000000,Absent,0.25,10,2,14,14,14,0.95,30,3190,1,1,1,30,1095,1185,vaccine,0.21730769230769229,0.21730769230769229,2.5,1000,35,75,565,0.091,0.021,0.44,5,0.6519230769230768,0.44,1,10,1,1,0.03,undefined,160
1,0,1,1,1,scenario1,3,4015,HIC,1000000,Absent,0.25,10,2,14,14,14,0.95,30,3190,1,1,1,30,1095,1185,vaccine,0.3259615384615384,0.3259615384615384,2.5,1000,35,75,565,0.091,0.021,0.44,5,0.6519230769230768,0.44,1,1,1,1,0.03,undefined,161
1,0,1,1,1,scenario1,3,4015,HIC,1000000,Absent,0.25,10,2,14,14,14,0.95,30,3190,1,1,1,30,1095,1185,vaccine,0.3259615384615384,0.3259615384615384,2.5,1000,35,75,565,0.091,0.021,0.44,5,0.6519230769230768,0.44,1,2,1,1,0.03,undefined,162
1,0,1,1,1,scenario1,3,4015,HIC,1000000,Absent,0.25,10,2,14,14,14,0.95,30,3190,1,1,1,30,1095,1185,vaccine,0.3259615384615384,0.3259615384615384,2.5,1000,35,75,565,0.091,0.021,0.44,5,0.6519230769230768,0.44,1,3,1,1,0.03,undefined,163
1,0,1,1,1,scenario1,3,4015,HIC,1000000,Absent,0.25,10,2,14,14,14,0.95,30,3190,1,1,1,30,1095,1185,vaccine,0.3259615384615384,0.3259615384615384,2.5,1000,35,75,565,0.091,0.021,0.44,5,0.6519230769230768,0.44,1,4,1,1,0.03,undefined,164
1,0,1,1,1,scenario1,3,4015,HIC,1000000,Absent,0.25,10,2,14,14,14,0.95,30,3190,1,1,1,30,1095,1185,vaccine,0.3259615384615384,0.3259615384615384,2.5,1000,35,75,565,0.091,0.021,0.44,5,0.6519230769230768,0.44,1,5,1,1,0.03,undefined,165
1,0,1,1,1,scenario1,3,4015,HIC,1000000,Absent,0.25,10,2,14,14,14,0.95,30,3190,1,1,1,30,1095,1185,vaccine,0.3259615384615384,0.3259615384615384,2.5,1000,35,75,565,0.091,0.021,0.44,5,0.6519230769230768,0.44,1,6,1,1,0.03,undefined,166
1,0,1,1,1,scenario1,3,4015,HIC,1000000,Absent,0.25,10,2,14,14,14,0.95,30,3190,1,1,1,30,1095,1185,vaccine,0.3259615384615384,0.3259615384615384,2.5,1000,35,75,565,0.091,0.021,0.44,5,0.6519230769230768,0.44,1,7,1,1,0.03,undefined,167
1,0,1,1,1,scenario1,3,4015,HIC,1000000,Absent,0.25,10,2,14,14,14,0.95,30,3190,1,1,1,30,1095,1185,vaccine,0.3259615384615384,0.3259615384615384,2.5,1000,35,75,565,0.091,0.021,0.44,5,0.6519230769230768,0.44,1,8,1,1,0.03,undefined,168
1,0,1,1,1,scenario1,3,4015,HIC,1000000,Absent,0.25,10,2,14,14,14,0.95,30,3190,1,1,1,30,1095,1185,vaccine,0.3259615384615384,0.3259615384615384,2.5,1000,35,75,565,0.091,0.021,0.44,5,0.6519230769230768,0.44,1,9,1,1,0.03,undefined,169
1,0,1,1,1,scenario1,3,4015,HIC,1000000,Absent,0.25,10,2,14,14,14,0.95,30,3190,1,1,1,30,1095,1185,vaccine,0.3259615384615384,0.3259615384615384,2.5,1000,35,75,565,0.091,0.021,0.44,5,0.6519230769230768,0.44,1,10,1,1,0.03,undefined,170
1,0,1,1,1,scenario1,3,4015,HIC,1000000,Absent,0.25,10,2,14,14,14,0.95,30,3190,1,1,1,30,1095,1185,vaccine,0.43461538461538457,0.43461538461538457,2.5,1000,35,75,565,0.091,0.021,0.44,5,0.6519230769230768,0.44,1,1,1,1,0.03,undefined,171
1,0,1,1,1,scenario1,3,4015,HIC,1000000,Absent,0.25,10,2,14,14,14,0.95,30,3190,1,1,1,30,1095,1185,vaccine,0.43461538461538457,0.43461538461538457,2.5,1000,35,75,565,0.091,0.021,0.44,5,0.6519230769230768,0.44,1,2,1,1,0.03,undefined,172
1,0,1,1,1,scenario1,3,4015,HIC,1000000,Absent,0.25,10,2,14,14,14,0.95,30,3190,1,1,1,30,1095,1185,vaccine,0.43461538461538457,0.43461538461538457,2.5,1000,35,75,565,0.091,0.021,0.44,5,0.6519230769230768,0.44,1,3,1,1,0.03,undefined,173
1,0,1,1,1,scenario1,3,4015,HIC,1000000,Absent,0.25,10,2,14,14,14,0.95,30,3190,1,1,1,30,1095,1185,vaccine,0.43461538461538457,0.43461538461538457,2.5,1000,35,75,565,0.091,0.021,0.44,5,0.6519230769230768,0.44,1,4,1,1,0.03,undefined,174
1,0,1,1,1,scenario1,3,4015,HIC,1000000,Absent,0.25,10,2,14,14,14,0.95,30,3190,1,1,1,30,1095,1185,vaccine,0.43461538461538457,0.43461538461538457,2.5,1000,35,75,565,0.091,0.021,0.44,5,0.6519230769230768,0.44,1,5,1,1,0.03,undefined,175
1,0,1,1,1,scenario1,3,4015,HIC,1000000,Absent,0.25,10,2,14,14,14,0.95,30,3190,1,1,1,30,1095,1185,vaccine,0.43461538461538457,0.43461538461538457,2.5,1000,35,75,565,0.091,0.021,0.44,5,0.6519230769230768,0.44,1,6,1,1,0.03,undefined,176
1,0,1,1,1,scenario1,3,4015,HIC,1000000,Absent,0.25,10,2,14,14,14,0.95,30,3190,1,1,1,30,1095,1185,vaccine,0.43461538461538457,0.43461538461538457,2.5,1000,35,75,565,0.091,0.021,0.44,5,0.6519230769230768,0.44,1,7,1,1,0.03,undefined,177
1,0,1,1,1,scenario1,3,4015,HIC,1000000,Absent,0.25,10,2,14,14,14,0.95,30,3190,1,1,1,30,1095,1185,vaccine,0.43461538461538457,0.43461538461538457,2.5,1000,35,75,565,0.091,0.021,0.44,5,0.6519230769230768,0.44,1,8,1,1,0.03,undefined,178
1,0,1,1,1,scenario1,3,4015,HIC,1000000,Absent,0.25,10,2,14,14,14,0.95,30,3190,1,1,1,30,1095,1185,vaccine,0.43461538461538457,0.43461538461538457,2.5,1000,35,75,565,0.091,0.021,0.44,5,0.6519230769230768,0.44,1,9,1,1,0.03,undefined,179
1,0,1,1,1,scenario1,3,4015,HIC,1000000,Absent,0.25,10,2,14,14,14,0.95,30,3190,1,1,1,30,1095,1185,vaccine,0.43461538461538457,0.43461538461538457,2.5,1000,35,75,565,0.091,0.021,0.44,5,0.6519230769230768,0.44,1,10,1,1,0.03,undefined,180
1,0,1,1,1,scenario1,3,4015,HIC,1000000,Absent,0.25,10,2,14,14,14,0.95,30,3250,1,1,1,30,1095,1185,vaccine,0.21730769230769229,0.21730769230769229,2.5,1000,35,75,565,0.091,0.021,0.44,5,0.6519230769230768,0.44,1,1,1,1,0.03,undefined,181
1,0,1,1,1,scenario1,3,4015,HIC,1000000,Absent,0.25,10,2,14,14,14,0.95,30,3250,1,1,1,30,1095,1185,vaccine,0.21730769230769229,0.21730769230769229,2.5,1000,35,75,565,0.091,0.021,0.44,5,0.6519230769230768,0.44,1,2,1,1,0.03,undefined,182
1,0,1,1,1,scenario1,3,4015,HIC,1000000,Absent,0.25,10,2,14,14,14,0.95,30,3250,1,1,1,30,1095,1185,vaccine,0.21730769230769229,0.21730769230769229,2.5,1000,35,75,565,0.091,0.021,0.44,5,0.6519230769230768,0.44,1,3,1,1,0.03,undefined,183
1,0,1,1,1,scenario1,3,4015,HIC,1000000,Absent,0.25,10,2,14,14,14,0.95,30,3250,1,1,1,30,1095,1185,vaccine,0.21730769230769229,0.21730769230769229,2.5,1000,35,75,565,0.091,0.021,0.44,5,0.6519230769230768,0.44,1,4,1,1,0.03,undefined,184
1,0,1,1,1,scenario1,3,4015,HIC,1000000,Absent,0.25,10,2,14,14,14,0.95,30,3250,1,1,1,30,1095,1185,vaccine,0.21730769230769229,0.21730769230769229,2.5,1000,35,75,565,0.091,0.021,0.44,5,0.6519230769230768,0.44,1,5,1,1,0.03,undefined,185
1,0,1,1,1,scenario1,3,4015,HIC,1000000,Absent,0.25,10,2,14,14,14,0.95,30,3250,1,1,1,30,1095,1185,vaccine,0.21730769230769229,0.21730769230769229,2.5,1000,35,75,565,0.091,0.021,0.44,5,0.6519230769230768,0.44,1,6,1,1,0.03,undefined,186
1,0,1,1,1,scenario1,3,4015,HIC,1000000,Absent,0.25,10,2,14,14,14,0.95,30,3250,1,1,1,30,1095,1185,vaccine,0.21730769230769229,0.21730769230769229,2.5,1000,35,75,565,0.091,0.021,0.44,5,0.6519230769230768,0.44,1,7,1,1,0.03,undefined,187
1,0,1,1,1,scenario1,3,4015,HIC,1000000,Absent,0.25,10,2,14,14,14,0.95,30,3250,1,1,1,30,1095,1185,vaccine,0.21730769230769229,0.21730769230769229,2.5,1000,35,75,565,0.091,0.021,0.44,5,0.6519230769230768,0.44,1,8,1,1,0.03,undefined,188
1,0,1,1,1,scenario1,3,4015,HIC,1000000,Absent,0.25,10,2,14,14,14,0.95,30,3250,1,1,1,30,1095,1185,vaccine,0.21730769230769229,0.21730769230769229,2.5,1000,35,75,565,0.091,0.021,0.44,5,0.6519230769230768,0.44,1,9,1,1,0.03,undefined,189
1,0,1,1,1,scenario1,3,4015,HIC,1000000,Absent,0.25,10,2,14,14,14,0.95,30,3250,1,1,1,30,1095,1185,vaccine,0.21730769230769229,0.21730769230769229,2.5,1000,35,75,565,0.091,0.021,0.44,5,0.6519230769230768,0.44,1,10,1,1,0.03,undefined,190
1,0,1,1,1,scenario1,3,4015,HIC,1000000,Absent,0.25,10,2,14,14,14,0.95,30,3250,1,1,1,30,1095,1185,vaccine,0.3259615384615384,0.3259615384615384,2.5,1000,35,75,565,0.091,0.021,0.44,5,0.6519230769230768,0.44,1,1,1,1,0.03,undefined,191
1,0,1,1,1,scenario1,3,4015,HIC,1000000,Absent,0.25,10,2,14,14,14,0.95,30,3250,1,1,1,30,1095,1185,vaccine,0.3259615384615384,0.3259615384615384,2.5,1000,35,75,565,0.091,0.021,0.44,5,0.6519230769230768,0.44,1,2,1,1,0.03,undefined,192
1,0,1,1,1,scenario1,3,4015,HIC,1000000,Absent,0.25,10,2,14,14,14,0.95,30,3250,1,1,1,30,1095,1185,vaccine,0.3259615384615384,0.3259615384615384,2.5,1000,35,75,565,0.091,0.021,0.44,5,0.6519230769230768,0.44,1,3,1,1,0.03,undefined,193
1,0,1,1,1,scenario1,3,4015,HIC,1000000,Absent,0.25,10,2,14,14,14,0.95,30,3250,1,1,1,30,1095,1185,vaccine,0.3259615384615384,0.3259615384615384,2.5,1000,35,75,565,0.091,0.021,0.44,5,0.6519230769230768,0.44,1,4,1,1,0.03,undefined,194
1,0,1,1,1,scenario1,3,4015,HIC,1000000,Absent,0.25,10,2,14,14,14,0.95,30,3250,1,1,1,30,1095,1185,vaccine,0.3259615384615384,0.3259615384615384,2.5,1000,35,75,565,0.091,0.021,0.44,5,0.6519230769230768,0.44,1,5,1,1,0.03,undefined,195
1,0,1,1,1,scenario1,3,4015,HIC,1000000,Absent,0.25,10,2,14,14,14,0.95,30,3250,1,1,1,30,1095,1185,vaccine,0.3259615384615384,0.3259615384615384,2.5,1000,35,75,565,0.091,0.021,0.44,5,0.6519230769230768,0.44,1,6,1,1,0.03,undefined,196
1,0,1,1,1,scenario1,3,4015,HIC,1000000,Absent,0.25,10,2,14,14,14,0.95,30,3250,1,1,1,30,1095,1185,vaccine,0.3259615384615384,0.3259615384615384,2.5,1000,35,75,565,0.091,0.021,0.44,5,0.6519230769230768,0.44,1,7,1,1,0.03,undefined,197
1,0,1,1,1,scenario1,3,4015,HIC,1000000,Absent,0.25,10,2,14,14,14,0.95,30,3250,1,1,1,30,1095,1185,vaccine,0.3259615384615384,0.3259615384615384,2.5,1000,35,75,565,0.091,0.021,0.44,5,0.6519230769230768,0.44,1,8,1,1,0.03,undefined,198
1,0,1,1,1,scenario1,3,4015,HIC,1000000,Absent,0.25,10,2,14,14,14,0.95,30,3250,1,1,1,30,1095,1185,vaccine,0.3259615384615384,0.3259615384615384,2.5,1000,35,75,565,0.091,0.021,0.44,5,0.6519230769230768,0.44,1,9,1,1,0.03,undefined,199
1,0,1,1,1,scenario1,3,4015,HIC,1000000,Absent,0.25,10,2,14,14,14,0.95,30,3250,1,1,1,30,1095,1185,vaccine,0.3259615384615384,0.3259615384615384,2.5,1000,35,75,565,0.091,0.021,0.44,5,0.6519230769230768,0.44,1,10,1,1,0.03,undefined,200
1,0,1,1,1,scenario1,3,4015,HIC,1000000,Absent,0.25,10,2,14,14,14,0.95,30,3250,1,1,1,30,1095,1185,vaccine,0.43461538461538457,0.43461538461538457,2.5,1000,35,75,565,0.091,0.021,0.44,5,0.6519230769230768,0.44,1,1,1,1,0.03,undefined,201
1,0,1,1,1,scenario1,3,4015,HIC,1000000,Absent,0.25,10,2,14,14,14,0.95,30,3250,1,1,1,30,1095,1185,vaccine,0.43461538461538457,0.43461538461538457,2.5,1000,35,75,565,0.091,0.021,0.44,5,0.6519230769230768,0.44,1,2,1,1,0.03,undefined,202
1,0,1,1,1,scenario1,3,4015,HIC,1000000,Absent,0.25,10,2,14,14,14,0.95,30,3250,1,1,1,30,1095,1185,vaccine,0.43461538461538457,0.43461538461538457,2.5,1000,35,75,565,0.091,0.021,0.44,5,0.6519230769230768,0.44,1,3,1,1,0.03,undefined,203
1,0,1,1,1,scenario1,3,4015,HIC,1000000,Absent,0.25,10,2,14,14,14,0.95,30,3250,1,1,1,30,1095,1185,vaccine,0.43461538461538457,0.43461538461538457,2.5,1000,35,75,565,0.091,0.021,0.44,5,0.6519230769230768,0.44,1,4,1,1,0.03,undefined,204
1,0,1,1,1,scenario1,3,4015,HIC,1000000,Absent,0.25,10,2,14,14,14,0.95,30,3250,1,1,1,30,1095,1185,vaccine,0.43461538461538457,0.43461538461538457,2.5,1000,35,75,565,0.091,0.021,0.44,5,0.6519230769230768,0.44,1,5,1,1,0.03,undefined,205
1,0,1,1,1,scenario1,3,4015,HIC,1000000,Absent,0.25,10,2,14,14,14,0.95,30,3250,1,1,1,30,1095,1185,vaccine,0.43461538461538457,0.43461538461538457,2.5,1000,35,75,565,0.091,0.021,0.44,5,0.6519230769230768,0.44,1,6,1,1,0.03,undefined,206
1,0,1,1,1,scenario1,3,4015,HIC,1000000,Absent,0.25,10,2,14,14,14,0.95,30,3250,1,1,1,30,1095,1185,vaccine,0.43461538461538457,0.43461538461538457,2.5,1000,35,75,565,0.091,0.021,0.44,5,0.6519230769230768,0.44,1,7,1,1,0.03,undefined,207
1,0,1,1,1,scenario1,3,4015,HIC,1000000,Absent,0.25,10,2,14,14,14,0.95,30,3250,1,1,1,30,1095,1185,vaccine,0.43461538461538457,0.43461538461538457,2.5,1000,35,75,565,0.091,0.021,0.44,5,0.6519230769230768,0.44,1,8,1,1,0.03,undefined,208
1,0,1,1,1,scenario1,3,4015,HIC,1000000,Absent,0.25,10,2,14,14,14,0.95,30,3250,1,1,1,30,1095,1185,vaccine,0.43461538461538457,0.43461538461538457,2.5,1000,35,75,565,0.091,0.021,0.44,5,0.6519230769230768,0.44,1,9,1,1,0.03,undefined,209
1,0,1,1,1,scenario1,3,4015,HIC,1000000,Absent,0.25,10,2,14,14,14,0.95,30,3250,1,1,1,30,1095,1185,vaccine,0.43461538461538457,0.43461538461538457,2.5,1000,35,75,565,0.091,0.021,0.44,5,0.6519230769230768,0.44,1,10,1,1,0.03,undefined,210
1,0,1,1,1,scenario1,3,4015,HIC,1000000,Absent,0.25,10,2,14,14,14,0.95,30,3310,1,1,1,30,1095,1185,vaccine,0.21730769230769229,0.21730769230769229,2.5,1000,35,75,565,0.091,0.021,0.44,5,0.6519230769230768,0.44,1,1,1,1,0.03,undefined,211
1,0,1,1,1,scenario1,3,4015,HIC,1000000,Absent,0.25,10,2,14,14,14,0.95,30,3310,1,1,1,30,1095,1185,vaccine,0.21730769230769229,0.21730769230769229,2.5,1000,35,75,565,0.091,0.021,0.44,5,0.6519230769230768,0.44,1,2,1,1,0.03,undefined,212
1,0,1,1,1,scenario1,3,4015,HIC,1000000,Absent,0.25,10,2,14,14,14,0.95,30,3310,1,1,1,30,1095,1185,vaccine,0.21730769230769229,0.21730769230769229,2.5,1000,35,75,565,0.091,0.021,0.44,5,0.6519230769230768,0.44,1,3,1,1,0.03,undefined,213
1,0,1,1,1,scenario1,3,4015,HIC,1000000,Absent,0.25,10,2,14,14,14,0.95,30,3310,1,1,1,30,1095,1185,vaccine,0.21730769230769229,0.21730769230769229,2.5,1000,35,75,565,0.091,0.021,0.44,5,0.6519230769230768,0.44,1,4,1,1,0.03,undefined,214
1,0,1,1,1,scenario1,3,4015,HIC,1000000,Absent,0.25,10,2,14,14,14,0.95,30,3310,1,1,1,30,1095,1185,vaccine,0.21730769230769229,0.21730769230769229,2.5,1000,35,75,565,0.091,0.021,0.44,5,0.6519230769230768,0.44,1,5,1,1,0.03,undefined,215
1,0,1,1,1,scenario1,3,4015,HIC,1000000,Absent,0.25,10,2,14,14,14,0.95,30,3310,1,1,1,30,1095,1185,vaccine,0.21730769230769229,0.21730769230769229,2.5,1000,35,75,565,0.091,0.021,0.44,5,0.6519230769230768,0.44,1,6,1,1,0.03,undefined,216
1,0,1,1,1,scenario1,3,4015,HIC,1000000,Absent,0.25,10,2,14,14,14,0.95,30,3310,1,1,1,30,1095,1185,vaccine,0.21730769230769229,0.21730769230769229,2.5,1000,35,75,565,0.091,0.021,0.44,5,0.6519230769230768,0.44,1,7,1,1,0.03,undefined,217
1,0,1,1,1,scenario1,3,4015,HIC,1000000,Absent,0.25,10,2,14,14,14,0.95,30,3310,1,1,1,30,1095,1185,vaccine,0.21730769230769229,0.21730769230769229,2.5,1000,35,75,565,0.091,0.021,0.44,5,0.6519230769230768,0.44,1,8,1,1,0.03,undefined,218
1,0,1,1,1,scenario1,3,4015,HIC,1000000,Absent,0.25,10,2,14,14,14,0.95,30,3310,1,1,1,30,1095,1185,vaccine,0.21730769230769229,0.21730769230769229,2.5,1000,35,75,565,0.091,0.021,0.44,5,0.6519230769230768,0.44,1,9,1,1,0.03,undefined,219
1,0,1,1,1,scenario1,3,4015,HIC,1000000,Absent,0.25,10,2,14,14,14,0.95,30,3310,1,1,1,30,1095,1185,vaccine,0.21730769230769229,0.21730769230769229,2.5,1000,35,75,565,0.091,0.021,0.44,5,0.6519230769230768,0.44,1,10,1,1,0.03,undefined,220
1,0,1,1,1,scenario1,3,4015,HIC,1000000,Absent,0.25,10,2,14,14,14,0.95,30,3310,1,1,1,30,1095,1185,vaccine,0.3259615384615384,0.3259615384615384,2.5,1000,35,75,565,0.091,0.021,0.44,5,0.6519230769230768,0.44,1,1,1,1,0.03,undefined,221
1,0,1,1,1,scenario1,3,4015,HIC,1000000,Absent,0.25,10,2,14,14,14,0.95,30,3310,1,1,1,30,1095,1185,vaccine,0.3259615384615384,0.3259615384615384,2.5,1000,35,75,565,0.091,0.021,0.44,5,0.6519230769230768,0.44,1,2,1,1,0.03,undefined,222
1,0,1,1,1,scenario1,3,4015,HIC,1000000,Absent,0.25,10,2,14,14,14,0.95,30,3310,1,1,1,30,1095,1185,vaccine,0.3259615384615384,0.3259615384615384,2.5,1000,35,75,565,0.091,0.021,0.44,5,0.6519230769230768,0.44,1,3,1,1,0.03,undefined,223
1,0,1,1,1,scenario1,3,4015,HIC,1000000,Absent,0.25,10,2,14,14,14,0.95,30,3310,1,1,1,30,1095,1185,vaccine,0.3259615384615384,0.3259615384615384,2.5,1000,35,75,565,0.091,0.021,0.44,5,0.6519230769230768,0.44,1,4,1,1,0.03,undefined,224
1,0,1,1,1,scenario1,3,4015,HIC,1000000,Absent,0.25,10,2,14,14,14,0.95,30,3310,1,1,1,30,1095,1185,vaccine,0.3259615384615384,0.3259615384615384,2.5,1000,35,75,565,0.091,0.021,0.44,5,0.6519230769230768,0.44,1,5,1,1,0.03,undefined,225
1,0,1,1,1,scenario1,3,4015,HIC,1000000,Absent,0.25,10,2,14,14,14,0.95,30,3310,1,1,1,30,1095,1185,vaccine,0.3259615384615384,0.3259615384615384,2.5,1000,35,75,565,0.091,0.021,0.44,5,0.6519230769230768,0.44,1,6,1,1,0.03,undefined,226
1,0,1,1,1,scenario1,3,4015,HIC,1000000,Absent,0.25,10,2,14,14,14,0.95,30,3310,1,1,1,30,1095,1185,vaccine,0.3259615384615384,0.3259615384615384,2.5,1000,35,75,565,0.091,0.021,0.44,5,0.6519230769230768,0.44,1,7,1,1,0.03,undefined,227
1,0,1,1,1,scenario1,3,4015,HIC,1000000,Absent,0.25,10,2,14,14,14,0.95,30,3310,1,1,1,30,1095,1185,vaccine,0.3259615384615384,0.3259615384615384,2.5,1000,35,75,565,0.091,0.021,0.44,5,0.6519230769230768,0.44,1,8,1,1,0.03,undefined,228
1,0,1,1,1,scenario1,3,4015,HIC,1000000,Absent,0.25,10,2,14,14,14,0.95,30,3310,1,1,1,30,1095,1185,vaccine,0.3259615384615384,0.3259615384615384,2.5,1000,35,75,565,0.091,0.021,0.44,5,0.6519230769230768,0.44,1,9,1,1,0.03,undefined,229
1,0,1,1,1,scenario1,3,4015,HIC,1000000,Absent,0.25,10,2,14,14,14,0.95,30,3310,1,1,1,30,1095,1185,vaccine,0.3259615384615384,0.3259615384615384,2.5,1000,35,75,565,0.091,0.021,0.44,5,0.6519230769230768,0.44,1,10,1,1,0.03,undefined,230
1,0,1,1,1,scenario1,3,4015,HIC,1000000,Absent,0.25,10,2,14,14,14,0.95,30,3310,1,1,1,30,1095,1185,vaccine,0.43461538461538457,0.43461538461538457,2.5,1000,35,75,565,0.091,0.021,0.44,5,0.6519230769230768,0.44,1,1,1,1,0.03,undefined,231
1,0,1,1,1,scenario1,3,4015,HIC,1000000,Absent,0.25,10,2,14,14,14,0.95,30,3310,1,1,1,30,1095,1185,vaccine,0.43461538461538457,0.43461538461538457,2.5,1000,35,75,565,0.091,0.021,0.44,5,0.6519230769230768,0.44,1,2,1,1,0.03,undefined,232
1,0,1,1,1,scenario1,3,4015,HIC,1000000,Absent,0.25,10,2,14,14,14,0.95,30,3310,1,1,1,30,1095,1185,vaccine,0.43461538461538457,0.43461538461538457,2.5,1000,35,75,565,0.091,0.021,0.44,5,0.6519230769230768,0.44,1,3,1,1,0.03,undefined,233
1,0,1,1,1,scenario1,3,4015,HIC,1000000,Absent,0.25,10,2,14,14,14,0.95,30,3310,1,1,1,30,1095,1185,vaccine,0.43461538461538457,0.43461538461538457,2.5,1000,35,75,565,0.091,0.021,0.44,5,0.6519230769230768,0.44,1,4,1,1,0.03,undefined,234
1,0,1,1,1,scenario1,3,4015,HIC,1000000,Absent,0.25,10,2,14,14,14,0.95,30,3310,1,1,1,30,1095,1185,vaccine,0.43461538461538457,0.43461538461538457,2.5,1000,35,75,565,0.091,0.021,0.44,5,0.6519230769230768,0.44,1,5,1,1,0.03,undefined,235
1,0,1,1,1,scenario1,3,4015,HIC,1000000,Absent,0.25,10,2,14,14,14,0.95,30,3310,1,1,1,30,1095,1185,vaccine,0.43461538461538457,0.43461538461538457,2.5,1000,35,75,565,0.091,0.021,0.44,5,0.6519230769230768,0.44,1,6,1,1,0.03,undefined,236
1,0,1,1,1,scenario1,3,4015,HIC,1000000,Absent,0.25,10,2,14,14,14,0.95,30,3310,1,1,1,30,1095,1185,vaccine,0.43461538461538457,0.43461538461538457,2.5,1000,35,75,565,0.091,0.021,0.44,5,0.6519230769230768,0.44,1,7,1,1,0.03,undefined,237
1,0,1,1,1,scenario1,3,4015,HIC,1000000,Absent,0.25,10,2,14,14,14,0.95,30,3310,1,1,1,30,1095,1185,vaccine,0.43461538461538457,0.43461538461538457,2.5,1000,35,75,565,0.091,0.021,0.44,5,0.6519230769230768,0.44,1,8,1,1,0.03,undefined,238
1,0,1,1,1,scenario1,3,4015,HIC,1000000,Absent,0.25,10,2,14,14,14,0.95,30,3310,1,1,1,30,1095,1185,vaccine,0.43461538461538457,0.43461538461538457,2.5,1000,35,75,565,0.091,0.021,0.44,5,0.6519230769230768,0.44,1,9,1,1,0.03,undefined,239
1,0,1,1,1,scenario1,3,4015,HIC,1000000,Absent,0.25,10,2,14,14,14,0.95,30,3310,1,1,1,30,1095,1185,vaccine,0.43461538461538457,0.43461538461538457,2.5,1000,35,75,565,0.091,0.021,0.44,5,0.6519230769230768,0.44,1,10,1,1,0.03,undefined,240
