vacc_on,immune_escape,matched_vacc,matched_vacc_level,vfr2,name,rt,max_t,income_group,target_pop,hs_constraints,dt,seeding_cases,age_groups_covered,age_groups_covered_d3,age_groups_covered_d4,age_groups_covered_d5,max_coverage,vacc_period,vacc_start,vaccine_doses,vfr,b1,vfr_time1,vfr_time2,vfr2_time1,vfr2_time2,vaccine,mu_ab_d1,k,hl_l,hl_s,period_s,period_l,ab_50,ab_50_severe,std10,max_ab,mu_ab_infection,std10_infection,mu_ab_inf_scal_vfr,hosp_scal,repetition,mu_ab_d2,scenario_name,index
0,0,0,1,1,scenario1,2.5,3650,HIC,1000000,Absent,0.25,10,14,14,14,14,0.05,30,3650,1,1,0.02,1,30,1095,1185,vaccine,0.6519230769230768,2.5,1000,35,75,565,0.091,0.021,0.44,5,0.43461538461538457,0.44,1,1,1,0.6519230769230768,undefined,1
0,0,0,1,1,scenario1,2.5,3650,HIC,1000000,Absent,0.25,10,14,14,14,14,0.05,30,3650,1,1,0.02,1,30,1095,1185,vaccine,0.6519230769230768,2.5,1000,35,75,565,0.091,0.021,0.44,5,0.43461538461538457,0.44,1,1,2,0.6519230769230768,undefined,2
0,0,0,1,1,scenario1,2.5,3650,HIC,1000000,Absent,0.25,10,14,14,14,14,0.05,30,3650,1,1,0.02,1,30,1095,1185,vaccine,0.6519230769230768,2.5,1000,35,75,565,0.091,0.021,0.44,5,0.43461538461538457,0.44,1,1,3,0.6519230769230768,undefined,3
0,0,0,1,1,scenario1,2.5,3650,HIC,1000000,Absent,0.25,10,14,14,14,14,0.05,30,3650,1,1,0.02,1,30,1095,1185,vaccine,0.6519230769230768,2.5,1000,35,75,565,0.091,0.021,0.44,5,0.43461538461538457,0.44,1,1,4,0.6519230769230768,undefined,4
0,0,0,1,1,scenario1,2.5,3650,HIC,1000000,Absent,0.25,10,14,14,14,14,0.05,30,3650,1,1,0.02,1,30,1095,1185,vaccine,0.6519230769230768,2.5,1000,35,75,565,0.091,0.021,0.44,5,0.43461538461538457,0.44,1,1,5,0.6519230769230768,undefined,5
0,0,0,1,1,scenario1,2.5,3650,HIC,1000000,Absent,0.25,10,14,14,14,14,0.05,30,3650,1,1,0.02,1,30,1095,1185,vaccine,0.6519230769230768,2.5,1000,35,75,565,0.091,0.021,0.44,5,0.5432692307692307,0.44,1,1,1,0.6519230769230768,undefined,6
0,0,0,1,1,scenario1,2.5,3650,HIC,1000000,Absent,0.25,10,14,14,14,14,0.05,30,3650,1,1,0.02,1,30,1095,1185,vaccine,0.6519230769230768,2.5,1000,35,75,565,0.091,0.021,0.44,5,0.5432692307692307,0.44,1,1,2,0.6519230769230768,undefined,7
0,0,0,1,1,scenario1,2.5,3650,HIC,1000000,Absent,0.25,10,14,14,14,14,0.05,30,3650,1,1,0.02,1,30,1095,1185,vaccine,0.6519230769230768,2.5,1000,35,75,565,0.091,0.021,0.44,5,0.5432692307692307,0.44,1,1,3,0.6519230769230768,undefined,8
0,0,0,1,1,scenario1,2.5,3650,HIC,1000000,Absent,0.25,10,14,14,14,14,0.05,30,3650,1,1,0.02,1,30,1095,1185,vaccine,0.6519230769230768,2.5,1000,35,75,565,0.091,0.021,0.44,5,0.5432692307692307,0.44,1,1,4,0.6519230769230768,undefined,9
0,0,0,1,1,scenario1,2.5,3650,HIC,1000000,Absent,0.25,10,14,14,14,14,0.05,30,3650,1,1,0.02,1,30,1095,1185,vaccine,0.6519230769230768,2.5,1000,35,75,565,0.091,0.021,0.44,5,0.5432692307692307,0.44,1,1,5,0.6519230769230768,undefined,10
0,0,0,1,1,scenario1,2.5,3650,HIC,1000000,Absent,0.25,10,14,14,14,14,0.05,30,3650,1,1,0.02,1,30,1095,1185,vaccine,0.6519230769230768,2.5,1000,35,75,565,0.091,0.021,0.44,5,0.6519230769230768,0.44,1,1,1,0.6519230769230768,undefined,11
0,0,0,1,1,scenario1,2.5,3650,HIC,1000000,Absent,0.25,10,14,14,14,14,0.05,30,3650,1,1,0.02,1,30,1095,1185,vaccine,0.6519230769230768,2.5,1000,35,75,565,0.091,0.021,0.44,5,0.6519230769230768,0.44,1,1,2,0.6519230769230768,undefined,12
0,0,0,1,1,scenario1,2.5,3650,HIC,1000000,Absent,0.25,10,14,14,14,14,0.05,30,3650,1,1,0.02,1,30,1095,1185,vaccine,0.6519230769230768,2.5,1000,35,75,565,0.091,0.021,0.44,5,0.6519230769230768,0.44,1,1,3,0.6519230769230768,undefined,13
0,0,0,1,1,scenario1,2.5,3650,HIC,1000000,Absent,0.25,10,14,14,14,14,0.05,30,3650,1,1,0.02,1,30,1095,1185,vaccine,0.6519230769230768,2.5,1000,35,75,565,0.091,0.021,0.44,5,0.6519230769230768,0.44,1,1,4,0.6519230769230768,undefined,14
0,0,0,1,1,scenario1,2.5,3650,HIC,1000000,Absent,0.25,10,14,14,14,14,0.05,30,3650,1,1,0.02,1,30,1095,1185,vaccine,0.6519230769230768,2.5,1000,35,75,565,0.091,0.021,0.44,5,0.6519230769230768,0.44,1,1,5,0.6519230769230768,undefined,15
0,0,0,1,1,scenario1,2.5,3650,HIC,1000000,Absent,0.25,10,14,14,14,14,0.05,30,3650,1,1,0.02,1,30,1095,1185,vaccine,0.6519230769230768,2.5,1000,35,75,565,0.091,0.021,0.44,5,0.760576923076923,0.44,1,1,1,0.6519230769230768,undefined,16
0,0,0,1,1,scenario1,2.5,3650,HIC,1000000,Absent,0.25,10,14,14,14,14,0.05,30,3650,1,1,0.02,1,30,1095,1185,vaccine,0.6519230769230768,2.5,1000,35,75,565,0.091,0.021,0.44,5,0.760576923076923,0.44,1,1,2,0.6519230769230768,undefined,17
0,0,0,1,1,scenario1,2.5,3650,HIC,1000000,Absent,0.25,10,14,14,14,14,0.05,30,3650,1,1,0.02,1,30,1095,1185,vaccine,0.6519230769230768,2.5,1000,35,75,565,0.091,0.021,0.44,5,0.760576923076923,0.44,1,1,3,0.6519230769230768,undefined,18
0,0,0,1,1,scenario1,2.5,3650,HIC,1000000,Absent,0.25,10,14,14,14,14,0.05,30,3650,1,1,0.02,1,30,1095,1185,vaccine,0.6519230769230768,2.5,1000,35,75,565,0.091,0.021,0.44,5,0.760576923076923,0.44,1,1,4,0.6519230769230768,undefined,19
0,0,0,1,1,scenario1,2.5,3650,HIC,1000000,Absent,0.25,10,14,14,14,14,0.05,30,3650,1,1,0.02,1,30,1095,1185,vaccine,0.6519230769230768,2.5,1000,35,75,565,0.091,0.021,0.44,5,0.760576923076923,0.44,1,1,5,0.6519230769230768,undefined,20
0,0,0,1,1,scenario1,2.5,3650,HIC,1000000,Absent,0.25,10,14,14,14,14,0.05,30,3650,1,1,0.02,1,30,1095,1185,vaccine,0.6519230769230768,2.5,1000,35,75,565,0.091,0.021,0.44,5,0.8692307692307691,0.44,1,1,1,0.6519230769230768,undefined,21
0,0,0,1,1,scenario1,2.5,3650,HIC,1000000,Absent,0.25,10,14,14,14,14,0.05,30,3650,1,1,0.02,1,30,1095,1185,vaccine,0.6519230769230768,2.5,1000,35,75,565,0.091,0.021,0.44,5,0.8692307692307691,0.44,1,1,2,0.6519230769230768,undefined,22
0,0,0,1,1,scenario1,2.5,3650,HIC,1000000,Absent,0.25,10,14,14,14,14,0.05,30,3650,1,1,0.02,1,30,1095,1185,vaccine,0.6519230769230768,2.5,1000,35,75,565,0.091,0.021,0.44,5,0.8692307692307691,0.44,1,1,3,0.6519230769230768,undefined,23
0,0,0,1,1,scenario1,2.5,3650,HIC,1000000,Absent,0.25,10,14,14,14,14,0.05,30,3650,1,1,0.02,1,30,1095,1185,vaccine,0.6519230769230768,2.5,1000,35,75,565,0.091,0.021,0.44,5,0.8692307692307691,0.44,1,1,4,0.6519230769230768,undefined,24
0,0,0,1,1,scenario1,2.5,3650,HIC,1000000,Absent,0.25,10,14,14,14,14,0.05,30,3650,1,1,0.02,1,30,1095,1185,vaccine,0.6519230769230768,2.5,1000,35,75,565,0.091,0.021,0.44,5,0.8692307692307691,0.44,1,1,5,0.6519230769230768,undefined,25
0,0,0,1,1,scenario1,2.5,3650,HIC,1000000,Absent,0.25,10,14,14,14,14,0.05,30,3650,1,1,0.04,1,30,1095,1185,vaccine,0.6519230769230768,2.5,1000,35,75,565,0.091,0.021,0.44,5,0.43461538461538457,0.44,1,1,1,0.6519230769230768,undefined,26
0,0,0,1,1,scenario1,2.5,3650,HIC,1000000,Absent,0.25,10,14,14,14,14,0.05,30,3650,1,1,0.04,1,30,1095,1185,vaccine,0.6519230769230768,2.5,1000,35,75,565,0.091,0.021,0.44,5,0.43461538461538457,0.44,1,1,2,0.6519230769230768,undefined,27
0,0,0,1,1,scenario1,2.5,3650,HIC,1000000,Absent,0.25,10,14,14,14,14,0.05,30,3650,1,1,0.04,1,30,1095,1185,vaccine,0.6519230769230768,2.5,1000,35,75,565,0.091,0.021,0.44,5,0.43461538461538457,0.44,1,1,3,0.6519230769230768,undefined,28
0,0,0,1,1,scenario1,2.5,3650,HIC,1000000,Absent,0.25,10,14,14,14,14,0.05,30,3650,1,1,0.04,1,30,1095,1185,vaccine,0.6519230769230768,2.5,1000,35,75,565,0.091,0.021,0.44,5,0.43461538461538457,0.44,1,1,4,0.6519230769230768,undefined,29
0,0,0,1,1,scenario1,2.5,3650,HIC,1000000,Absent,0.25,10,14,14,14,14,0.05,30,3650,1,1,0.04,1,30,1095,1185,vaccine,0.6519230769230768,2.5,1000,35,75,565,0.091,0.021,0.44,5,0.43461538461538457,0.44,1,1,5,0.6519230769230768,undefined,30
0,0,0,1,1,scenario1,2.5,3650,HIC,1000000,Absent,0.25,10,14,14,14,14,0.05,30,3650,1,1,0.04,1,30,1095,1185,vaccine,0.6519230769230768,2.5,1000,35,75,565,0.091,0.021,0.44,5,0.5432692307692307,0.44,1,1,1,0.6519230769230768,undefined,31
0,0,0,1,1,scenario1,2.5,3650,HIC,1000000,Absent,0.25,10,14,14,14,14,0.05,30,3650,1,1,0.04,1,30,1095,1185,vaccine,0.6519230769230768,2.5,1000,35,75,565,0.091,0.021,0.44,5,0.5432692307692307,0.44,1,1,2,0.6519230769230768,undefined,32
0,0,0,1,1,scenario1,2.5,3650,HIC,1000000,Absent,0.25,10,14,14,14,14,0.05,30,3650,1,1,0.04,1,30,1095,1185,vaccine,0.6519230769230768,2.5,1000,35,75,565,0.091,0.021,0.44,5,0.5432692307692307,0.44,1,1,3,0.6519230769230768,undefined,33
0,0,0,1,1,scenario1,2.5,3650,HIC,1000000,Absent,0.25,10,14,14,14,14,0.05,30,3650,1,1,0.04,1,30,1095,1185,vaccine,0.6519230769230768,2.5,1000,35,75,565,0.091,0.021,0.44,5,0.5432692307692307,0.44,1,1,4,0.6519230769230768,undefined,34
0,0,0,1,1,scenario1,2.5,3650,HIC,1000000,Absent,0.25,10,14,14,14,14,0.05,30,3650,1,1,0.04,1,30,1095,1185,vaccine,0.6519230769230768,2.5,1000,35,75,565,0.091,0.021,0.44,5,0.5432692307692307,0.44,1,1,5,0.6519230769230768,undefined,35
0,0,0,1,1,scenario1,2.5,3650,HIC,1000000,Absent,0.25,10,14,14,14,14,0.05,30,3650,1,1,0.04,1,30,1095,1185,vaccine,0.6519230769230768,2.5,1000,35,75,565,0.091,0.021,0.44,5,0.6519230769230768,0.44,1,1,1,0.6519230769230768,undefined,36
0,0,0,1,1,scenario1,2.5,3650,HIC,1000000,Absent,0.25,10,14,14,14,14,0.05,30,3650,1,1,0.04,1,30,1095,1185,vaccine,0.6519230769230768,2.5,1000,35,75,565,0.091,0.021,0.44,5,0.6519230769230768,0.44,1,1,2,0.6519230769230768,undefined,37
0,0,0,1,1,scenario1,2.5,3650,HIC,1000000,Absent,0.25,10,14,14,14,14,0.05,30,3650,1,1,0.04,1,30,1095,1185,vaccine,0.6519230769230768,2.5,1000,35,75,565,0.091,0.021,0.44,5,0.6519230769230768,0.44,1,1,3,0.6519230769230768,undefined,38
0,0,0,1,1,scenario1,2.5,3650,HIC,1000000,Absent,0.25,10,14,14,14,14,0.05,30,3650,1,1,0.04,1,30,1095,1185,vaccine,0.6519230769230768,2.5,1000,35,75,565,0.091,0.021,0.44,5,0.6519230769230768,0.44,1,1,4,0.6519230769230768,undefined,39
0,0,0,1,1,scenario1,2.5,3650,HIC,1000000,Absent,0.25,10,14,14,14,14,0.05,30,3650,1,1,0.04,1,30,1095,1185,vaccine,0.6519230769230768,2.5,1000,35,75,565,0.091,0.021,0.44,5,0.6519230769230768,0.44,1,1,5,0.6519230769230768,undefined,40
0,0,0,1,1,scenario1,2.5,3650,HIC,1000000,Absent,0.25,10,14,14,14,14,0.05,30,3650,1,1,0.04,1,30,1095,1185,vaccine,0.6519230769230768,2.5,1000,35,75,565,0.091,0.021,0.44,5,0.760576923076923,0.44,1,1,1,0.6519230769230768,undefined,41
0,0,0,1,1,scenario1,2.5,3650,HIC,1000000,Absent,0.25,10,14,14,14,14,0.05,30,3650,1,1,0.04,1,30,1095,1185,vaccine,0.6519230769230768,2.5,1000,35,75,565,0.091,0.021,0.44,5,0.760576923076923,0.44,1,1,2,0.6519230769230768,undefined,42
0,0,0,1,1,scenario1,2.5,3650,HIC,1000000,Absent,0.25,10,14,14,14,14,0.05,30,3650,1,1,0.04,1,30,1095,1185,vaccine,0.6519230769230768,2.5,1000,35,75,565,0.091,0.021,0.44,5,0.760576923076923,0.44,1,1,3,0.6519230769230768,undefined,43
0,0,0,1,1,scenario1,2.5,3650,HIC,1000000,Absent,0.25,10,14,14,14,14,0.05,30,3650,1,1,0.04,1,30,1095,1185,vaccine,0.6519230769230768,2.5,1000,35,75,565,0.091,0.021,0.44,5,0.760576923076923,0.44,1,1,4,0.6519230769230768,undefined,44
0,0,0,1,1,scenario1,2.5,3650,HIC,1000000,Absent,0.25,10,14,14,14,14,0.05,30,3650,1,1,0.04,1,30,1095,1185,vaccine,0.6519230769230768,2.5,1000,35,75,565,0.091,0.021,0.44,5,0.760576923076923,0.44,1,1,5,0.6519230769230768,undefined,45
0,0,0,1,1,scenario1,2.5,3650,HIC,1000000,Absent,0.25,10,14,14,14,14,0.05,30,3650,1,1,0.04,1,30,1095,1185,vaccine,0.6519230769230768,2.5,1000,35,75,565,0.091,0.021,0.44,5,0.8692307692307691,0.44,1,1,1,0.6519230769230768,undefined,46
0,0,0,1,1,scenario1,2.5,3650,HIC,1000000,Absent,0.25,10,14,14,14,14,0.05,30,3650,1,1,0.04,1,30,1095,1185,vaccine,0.6519230769230768,2.5,1000,35,75,565,0.091,0.021,0.44,5,0.8692307692307691,0.44,1,1,2,0.6519230769230768,undefined,47
0,0,0,1,1,scenario1,2.5,3650,HIC,1000000,Absent,0.25,10,14,14,14,14,0.05,30,3650,1,1,0.04,1,30,1095,1185,vaccine,0.6519230769230768,2.5,1000,35,75,565,0.091,0.021,0.44,5,0.8692307692307691,0.44,1,1,3,0.6519230769230768,undefined,48
0,0,0,1,1,scenario1,2.5,3650,HIC,1000000,Absent,0.25,10,14,14,14,14,0.05,30,3650,1,1,0.04,1,30,1095,1185,vaccine,0.6519230769230768,2.5,1000,35,75,565,0.091,0.021,0.44,5,0.8692307692307691,0.44,1,1,4,0.6519230769230768,undefined,49
0,0,0,1,1,scenario1,2.5,3650,HIC,1000000,Absent,0.25,10,14,14,14,14,0.05,30,3650,1,1,0.04,1,30,1095,1185,vaccine,0.6519230769230768,2.5,1000,35,75,565,0.091,0.021,0.44,5,0.8692307692307691,0.44,1,1,5,0.6519230769230768,undefined,50
0,0,0,1,1,scenario1,2.5,3650,HIC,1000000,Absent,0.25,10,14,14,14,14,0.05,30,3650,1,1,0.06,1,30,1095,1185,vaccine,0.6519230769230768,2.5,1000,35,75,565,0.091,0.021,0.44,5,0.43461538461538457,0.44,1,1,1,0.6519230769230768,undefined,51
0,0,0,1,1,scenario1,2.5,3650,HIC,1000000,Absent,0.25,10,14,14,14,14,0.05,30,3650,1,1,0.06,1,30,1095,1185,vaccine,0.6519230769230768,2.5,1000,35,75,565,0.091,0.021,0.44,5,0.43461538461538457,0.44,1,1,2,0.6519230769230768,undefined,52
0,0,0,1,1,scenario1,2.5,3650,HIC,1000000,Absent,0.25,10,14,14,14,14,0.05,30,3650,1,1,0.06,1,30,1095,1185,vaccine,0.6519230769230768,2.5,1000,35,75,565,0.091,0.021,0.44,5,0.43461538461538457,0.44,1,1,3,0.6519230769230768,undefined,53
0,0,0,1,1,scenario1,2.5,3650,HIC,1000000,Absent,0.25,10,14,14,14,14,0.05,30,3650,1,1,0.06,1,30,1095,1185,vaccine,0.6519230769230768,2.5,1000,35,75,565,0.091,0.021,0.44,5,0.43461538461538457,0.44,1,1,4,0.6519230769230768,undefined,54
0,0,0,1,1,scenario1,2.5,3650,HIC,1000000,Absent,0.25,10,14,14,14,14,0.05,30,3650,1,1,0.06,1,30,1095,1185,vaccine,0.6519230769230768,2.5,1000,35,75,565,0.091,0.021,0.44,5,0.43461538461538457,0.44,1,1,5,0.6519230769230768,undefined,55
0,0,0,1,1,scenario1,2.5,3650,HIC,1000000,Absent,0.25,10,14,14,14,14,0.05,30,3650,1,1,0.06,1,30,1095,1185,vaccine,0.6519230769230768,2.5,1000,35,75,565,0.091,0.021,0.44,5,0.5432692307692307,0.44,1,1,1,0.6519230769230768,undefined,56
0,0,0,1,1,scenario1,2.5,3650,HIC,1000000,Absent,0.25,10,14,14,14,14,0.05,30,3650,1,1,0.06,1,30,1095,1185,vaccine,0.6519230769230768,2.5,1000,35,75,565,0.091,0.021,0.44,5,0.5432692307692307,0.44,1,1,2,0.6519230769230768,undefined,57
0,0,0,1,1,scenario1,2.5,3650,HIC,1000000,Absent,0.25,10,14,14,14,14,0.05,30,3650,1,1,0.06,1,30,1095,1185,vaccine,0.6519230769230768,2.5,1000,35,75,565,0.091,0.021,0.44,5,0.5432692307692307,0.44,1,1,3,0.6519230769230768,undefined,58
0,0,0,1,1,scenario1,2.5,3650,HIC,1000000,Absent,0.25,10,14,14,14,14,0.05,30,3650,1,1,0.06,1,30,1095,1185,vaccine,0.6519230769230768,2.5,1000,35,75,565,0.091,0.021,0.44,5,0.5432692307692307,0.44,1,1,4,0.6519230769230768,undefined,59
0,0,0,1,1,scenario1,2.5,3650,HIC,1000000,Absent,0.25,10,14,14,14,14,0.05,30,3650,1,1,0.06,1,30,1095,1185,vaccine,0.6519230769230768,2.5,1000,35,75,565,0.091,0.021,0.44,5,0.5432692307692307,0.44,1,1,5,0.6519230769230768,undefined,60
0,0,0,1,1,scenario1,2.5,3650,HIC,1000000,Absent,0.25,10,14,14,14,14,0.05,30,3650,1,1,0.06,1,30,1095,1185,vaccine,0.6519230769230768,2.5,1000,35,75,565,0.091,0.021,0.44,5,0.6519230769230768,0.44,1,1,1,0.6519230769230768,undefined,61
0,0,0,1,1,scenario1,2.5,3650,HIC,1000000,Absent,0.25,10,14,14,14,14,0.05,30,3650,1,1,0.06,1,30,1095,1185,vaccine,0.6519230769230768,2.5,1000,35,75,565,0.091,0.021,0.44,5,0.6519230769230768,0.44,1,1,2,0.6519230769230768,undefined,62
0,0,0,1,1,scenario1,2.5,3650,HIC,1000000,Absent,0.25,10,14,14,14,14,0.05,30,3650,1,1,0.06,1,30,1095,1185,vaccine,0.6519230769230768,2.5,1000,35,75,565,0.091,0.021,0.44,5,0.6519230769230768,0.44,1,1,3,0.6519230769230768,undefined,63
0,0,0,1,1,scenario1,2.5,3650,HIC,1000000,Absent,0.25,10,14,14,14,14,0.05,30,3650,1,1,0.06,1,30,1095,1185,vaccine,0.6519230769230768,2.5,1000,35,75,565,0.091,0.021,0.44,5,0.6519230769230768,0.44,1,1,4,0.6519230769230768,undefined,64
0,0,0,1,1,scenario1,2.5,3650,HIC,1000000,Absent,0.25,10,14,14,14,14,0.05,30,3650,1,1,0.06,1,30,1095,1185,vaccine,0.6519230769230768,2.5,1000,35,75,565,0.091,0.021,0.44,5,0.6519230769230768,0.44,1,1,5,0.6519230769230768,undefined,65
0,0,0,1,1,scenario1,2.5,3650,HIC,1000000,Absent,0.25,10,14,14,14,14,0.05,30,3650,1,1,0.06,1,30,1095,1185,vaccine,0.6519230769230768,2.5,1000,35,75,565,0.091,0.021,0.44,5,0.760576923076923,0.44,1,1,1,0.6519230769230768,undefined,66
0,0,0,1,1,scenario1,2.5,3650,HIC,1000000,Absent,0.25,10,14,14,14,14,0.05,30,3650,1,1,0.06,1,30,1095,1185,vaccine,0.6519230769230768,2.5,1000,35,75,565,0.091,0.021,0.44,5,0.760576923076923,0.44,1,1,2,0.6519230769230768,undefined,67
0,0,0,1,1,scenario1,2.5,3650,HIC,1000000,Absent,0.25,10,14,14,14,14,0.05,30,3650,1,1,0.06,1,30,1095,1185,vaccine,0.6519230769230768,2.5,1000,35,75,565,0.091,0.021,0.44,5,0.760576923076923,0.44,1,1,3,0.6519230769230768,undefined,68
0,0,0,1,1,scenario1,2.5,3650,HIC,1000000,Absent,0.25,10,14,14,14,14,0.05,30,3650,1,1,0.06,1,30,1095,1185,vaccine,0.6519230769230768,2.5,1000,35,75,565,0.091,0.021,0.44,5,0.760576923076923,0.44,1,1,4,0.6519230769230768,undefined,69
0,0,0,1,1,scenario1,2.5,3650,HIC,1000000,Absent,0.25,10,14,14,14,14,0.05,30,3650,1,1,0.06,1,30,1095,1185,vaccine,0.6519230769230768,2.5,1000,35,75,565,0.091,0.021,0.44,5,0.760576923076923,0.44,1,1,5,0.6519230769230768,undefined,70
0,0,0,1,1,scenario1,2.5,3650,HIC,1000000,Absent,0.25,10,14,14,14,14,0.05,30,3650,1,1,0.06,1,30,1095,1185,vaccine,0.6519230769230768,2.5,1000,35,75,565,0.091,0.021,0.44,5,0.8692307692307691,0.44,1,1,1,0.6519230769230768,undefined,71
0,0,0,1,1,scenario1,2.5,3650,HIC,1000000,Absent,0.25,10,14,14,14,14,0.05,30,3650,1,1,0.06,1,30,1095,1185,vaccine,0.6519230769230768,2.5,1000,35,75,565,0.091,0.021,0.44,5,0.8692307692307691,0.44,1,1,2,0.6519230769230768,undefined,72
0,0,0,1,1,scenario1,2.5,3650,HIC,1000000,Absent,0.25,10,14,14,14,14,0.05,30,3650,1,1,0.06,1,30,1095,1185,vaccine,0.6519230769230768,2.5,1000,35,75,565,0.091,0.021,0.44,5,0.8692307692307691,0.44,1,1,3,0.6519230769230768,undefined,73
0,0,0,1,1,scenario1,2.5,3650,HIC,1000000,Absent,0.25,10,14,14,14,14,0.05,30,3650,1,1,0.06,1,30,1095,1185,vaccine,0.6519230769230768,2.5,1000,35,75,565,0.091,0.021,0.44,5,0.8692307692307691,0.44,1,1,4,0.6519230769230768,undefined,74
0,0,0,1,1,scenario1,2.5,3650,HIC,1000000,Absent,0.25,10,14,14,14,14,0.05,30,3650,1,1,0.06,1,30,1095,1185,vaccine,0.6519230769230768,2.5,1000,35,75,565,0.091,0.021,0.44,5,0.8692307692307691,0.44,1,1,5,0.6519230769230768,undefined,75
0,0,0,1,1,scenario1,2.5,3650,HIC,1000000,Absent,0.25,10,14,14,14,14,0.05,30,3650,1,1,0.08,1,30,1095,1185,vaccine,0.6519230769230768,2.5,1000,35,75,565,0.091,0.021,0.44,5,0.43461538461538457,0.44,1,1,1,0.6519230769230768,undefined,76
0,0,0,1,1,scenario1,2.5,3650,HIC,1000000,Absent,0.25,10,14,14,14,14,0.05,30,3650,1,1,0.08,1,30,1095,1185,vaccine,0.6519230769230768,2.5,1000,35,75,565,0.091,0.021,0.44,5,0.43461538461538457,0.44,1,1,2,0.6519230769230768,undefined,77
0,0,0,1,1,scenario1,2.5,3650,HIC,1000000,Absent,0.25,10,14,14,14,14,0.05,30,3650,1,1,0.08,1,30,1095,1185,vaccine,0.6519230769230768,2.5,1000,35,75,565,0.091,0.021,0.44,5,0.43461538461538457,0.44,1,1,3,0.6519230769230768,undefined,78
0,0,0,1,1,scenario1,2.5,3650,HIC,1000000,Absent,0.25,10,14,14,14,14,0.05,30,3650,1,1,0.08,1,30,1095,1185,vaccine,0.6519230769230768,2.5,1000,35,75,565,0.091,0.021,0.44,5,0.43461538461538457,0.44,1,1,4,0.6519230769230768,undefined,79
0,0,0,1,1,scenario1,2.5,3650,HIC,1000000,Absent,0.25,10,14,14,14,14,0.05,30,3650,1,1,0.08,1,30,1095,1185,vaccine,0.6519230769230768,2.5,1000,35,75,565,0.091,0.021,0.44,5,0.43461538461538457,0.44,1,1,5,0.6519230769230768,undefined,80
0,0,0,1,1,scenario1,2.5,3650,HIC,1000000,Absent,0.25,10,14,14,14,14,0.05,30,3650,1,1,0.08,1,30,1095,1185,vaccine,0.6519230769230768,2.5,1000,35,75,565,0.091,0.021,0.44,5,0.5432692307692307,0.44,1,1,1,0.6519230769230768,undefined,81
0,0,0,1,1,scenario1,2.5,3650,HIC,1000000,Absent,0.25,10,14,14,14,14,0.05,30,3650,1,1,0.08,1,30,1095,1185,vaccine,0.6519230769230768,2.5,1000,35,75,565,0.091,0.021,0.44,5,0.5432692307692307,0.44,1,1,2,0.6519230769230768,undefined,82
0,0,0,1,1,scenario1,2.5,3650,HIC,1000000,Absent,0.25,10,14,14,14,14,0.05,30,3650,1,1,0.08,1,30,1095,1185,vaccine,0.6519230769230768,2.5,1000,35,75,565,0.091,0.021,0.44,5,0.5432692307692307,0.44,1,1,3,0.6519230769230768,undefined,83
0,0,0,1,1,scenario1,2.5,3650,HIC,1000000,Absent,0.25,10,14,14,14,14,0.05,30,3650,1,1,0.08,1,30,1095,1185,vaccine,0.6519230769230768,2.5,1000,35,75,565,0.091,0.021,0.44,5,0.5432692307692307,0.44,1,1,4,0.6519230769230768,undefined,84
0,0,0,1,1,scenario1,2.5,3650,HIC,1000000,Absent,0.25,10,14,14,14,14,0.05,30,3650,1,1,0.08,1,30,1095,1185,vaccine,0.6519230769230768,2.5,1000,35,75,565,0.091,0.021,0.44,5,0.5432692307692307,0.44,1,1,5,0.6519230769230768,undefined,85
0,0,0,1,1,scenario1,2.5,3650,HIC,1000000,Absent,0.25,10,14,14,14,14,0.05,30,3650,1,1,0.08,1,30,1095,1185,vaccine,0.6519230769230768,2.5,1000,35,75,565,0.091,0.021,0.44,5,0.6519230769230768,0.44,1,1,1,0.6519230769230768,undefined,86
0,0,0,1,1,scenario1,2.5,3650,HIC,1000000,Absent,0.25,10,14,14,14,14,0.05,30,3650,1,1,0.08,1,30,1095,1185,vaccine,0.6519230769230768,2.5,1000,35,75,565,0.091,0.021,0.44,5,0.6519230769230768,0.44,1,1,2,0.6519230769230768,undefined,87
0,0,0,1,1,scenario1,2.5,3650,HIC,1000000,Absent,0.25,10,14,14,14,14,0.05,30,3650,1,1,0.08,1,30,1095,1185,vaccine,0.6519230769230768,2.5,1000,35,75,565,0.091,0.021,0.44,5,0.6519230769230768,0.44,1,1,3,0.6519230769230768,undefined,88
0,0,0,1,1,scenario1,2.5,3650,HIC,1000000,Absent,0.25,10,14,14,14,14,0.05,30,3650,1,1,0.08,1,30,1095,1185,vaccine,0.6519230769230768,2.5,1000,35,75,565,0.091,0.021,0.44,5,0.6519230769230768,0.44,1,1,4,0.6519230769230768,undefined,89
0,0,0,1,1,scenario1,2.5,3650,HIC,1000000,Absent,0.25,10,14,14,14,14,0.05,30,3650,1,1,0.08,1,30,1095,1185,vaccine,0.6519230769230768,2.5,1000,35,75,565,0.091,0.021,0.44,5,0.6519230769230768,0.44,1,1,5,0.6519230769230768,undefined,90
0,0,0,1,1,scenario1,2.5,3650,HIC,1000000,Absent,0.25,10,14,14,14,14,0.05,30,3650,1,1,0.08,1,30,1095,1185,vaccine,0.6519230769230768,2.5,1000,35,75,565,0.091,0.021,0.44,5,0.760576923076923,0.44,1,1,1,0.6519230769230768,undefined,91
0,0,0,1,1,scenario1,2.5,3650,HIC,1000000,Absent,0.25,10,14,14,14,14,0.05,30,3650,1,1,0.08,1,30,1095,1185,vaccine,0.6519230769230768,2.5,1000,35,75,565,0.091,0.021,0.44,5,0.760576923076923,0.44,1,1,2,0.6519230769230768,undefined,92
0,0,0,1,1,scenario1,2.5,3650,HIC,1000000,Absent,0.25,10,14,14,14,14,0.05,30,3650,1,1,0.08,1,30,1095,1185,vaccine,0.6519230769230768,2.5,1000,35,75,565,0.091,0.021,0.44,5,0.760576923076923,0.44,1,1,3,0.6519230769230768,undefined,93
0,0,0,1,1,scenario1,2.5,3650,HIC,1000000,Absent,0.25,10,14,14,14,14,0.05,30,3650,1,1,0.08,1,30,1095,1185,vaccine,0.6519230769230768,2.5,1000,35,75,565,0.091,0.021,0.44,5,0.760576923076923,0.44,1,1,4,0.6519230769230768,undefined,94
0,0,0,1,1,scenario1,2.5,3650,HIC,1000000,Absent,0.25,10,14,14,14,14,0.05,30,3650,1,1,0.08,1,30,1095,1185,vaccine,0.6519230769230768,2.5,1000,35,75,565,0.091,0.021,0.44,5,0.760576923076923,0.44,1,1,5,0.6519230769230768,undefined,95
0,0,0,1,1,scenario1,2.5,3650,HIC,1000000,Absent,0.25,10,14,14,14,14,0.05,30,3650,1,1,0.08,1,30,1095,1185,vaccine,0.6519230769230768,2.5,1000,35,75,565,0.091,0.021,0.44,5,0.8692307692307691,0.44,1,1,1,0.6519230769230768,undefined,96
0,0,0,1,1,scenario1,2.5,3650,HIC,1000000,Absent,0.25,10,14,14,14,14,0.05,30,3650,1,1,0.08,1,30,1095,1185,vaccine,0.6519230769230768,2.5,1000,35,75,565,0.091,0.021,0.44,5,0.8692307692307691,0.44,1,1,2,0.6519230769230768,undefined,97
0,0,0,1,1,scenario1,2.5,3650,HIC,1000000,Absent,0.25,10,14,14,14,14,0.05,30,3650,1,1,0.08,1,30,1095,1185,vaccine,0.6519230769230768,2.5,1000,35,75,565,0.091,0.021,0.44,5,0.8692307692307691,0.44,1,1,3,0.6519230769230768,undefined,98
0,0,0,1,1,scenario1,2.5,3650,HIC,1000000,Absent,0.25,10,14,14,14,14,0.05,30,3650,1,1,0.08,1,30,1095,1185,vaccine,0.6519230769230768,2.5,1000,35,75,565,0.091,0.021,0.44,5,0.8692307692307691,0.44,1,1,4,0.6519230769230768,undefined,99
0,0,0,1,1,scenario1,2.5,3650,HIC,1000000,Absent,0.25,10,14,14,14,14,0.05,30,3650,1,1,0.08,1,30,1095,1185,vaccine,0.6519230769230768,2.5,1000,35,75,565,0.091,0.021,0.44,5,0.8692307692307691,0.44,1,1,5,0.6519230769230768,undefined,100
0,0,0,1,1,scenario1,3,3650,HIC,1000000,Absent,0.25,10,14,14,14,14,0.05,30,3650,1,1,0.02,1,30,1095,1185,vaccine,0.6519230769230768,2.5,1000,35,75,565,0.091,0.021,0.44,5,0.43461538461538457,0.44,1,1,1,0.6519230769230768,undefined,101
0,0,0,1,1,scenario1,3,3650,HIC,1000000,Absent,0.25,10,14,14,14,14,0.05,30,3650,1,1,0.02,1,30,1095,1185,vaccine,0.6519230769230768,2.5,1000,35,75,565,0.091,0.021,0.44,5,0.43461538461538457,0.44,1,1,2,0.6519230769230768,undefined,102
0,0,0,1,1,scenario1,3,3650,HIC,1000000,Absent,0.25,10,14,14,14,14,0.05,30,3650,1,1,0.02,1,30,1095,1185,vaccine,0.6519230769230768,2.5,1000,35,75,565,0.091,0.021,0.44,5,0.43461538461538457,0.44,1,1,3,0.6519230769230768,undefined,103
0,0,0,1,1,scenario1,3,3650,HIC,1000000,Absent,0.25,10,14,14,14,14,0.05,30,3650,1,1,0.02,1,30,1095,1185,vaccine,0.6519230769230768,2.5,1000,35,75,565,0.091,0.021,0.44,5,0.43461538461538457,0.44,1,1,4,0.6519230769230768,undefined,104
0,0,0,1,1,scenario1,3,3650,HIC,1000000,Absent,0.25,10,14,14,14,14,0.05,30,3650,1,1,0.02,1,30,1095,1185,vaccine,0.6519230769230768,2.5,1000,35,75,565,0.091,0.021,0.44,5,0.43461538461538457,0.44,1,1,5,0.6519230769230768,undefined,105
0,0,0,1,1,scenario1,3,3650,HIC,1000000,Absent,0.25,10,14,14,14,14,0.05,30,3650,1,1,0.02,1,30,1095,1185,vaccine,0.6519230769230768,2.5,1000,35,75,565,0.091,0.021,0.44,5,0.5432692307692307,0.44,1,1,1,0.6519230769230768,undefined,106
0,0,0,1,1,scenario1,3,3650,HIC,1000000,Absent,0.25,10,14,14,14,14,0.05,30,3650,1,1,0.02,1,30,1095,1185,vaccine,0.6519230769230768,2.5,1000,35,75,565,0.091,0.021,0.44,5,0.5432692307692307,0.44,1,1,2,0.6519230769230768,undefined,107
0,0,0,1,1,scenario1,3,3650,HIC,1000000,Absent,0.25,10,14,14,14,14,0.05,30,3650,1,1,0.02,1,30,1095,1185,vaccine,0.6519230769230768,2.5,1000,35,75,565,0.091,0.021,0.44,5,0.5432692307692307,0.44,1,1,3,0.6519230769230768,undefined,108
0,0,0,1,1,scenario1,3,3650,HIC,1000000,Absent,0.25,10,14,14,14,14,0.05,30,3650,1,1,0.02,1,30,1095,1185,vaccine,0.6519230769230768,2.5,1000,35,75,565,0.091,0.021,0.44,5,0.5432692307692307,0.44,1,1,4,0.6519230769230768,undefined,109
0,0,0,1,1,scenario1,3,3650,HIC,1000000,Absent,0.25,10,14,14,14,14,0.05,30,3650,1,1,0.02,1,30,1095,1185,vaccine,0.6519230769230768,2.5,1000,35,75,565,0.091,0.021,0.44,5,0.5432692307692307,0.44,1,1,5,0.6519230769230768,undefined,110
0,0,0,1,1,scenario1,3,3650,HIC,1000000,Absent,0.25,10,14,14,14,14,0.05,30,3650,1,1,0.02,1,30,1095,1185,vaccine,0.6519230769230768,2.5,1000,35,75,565,0.091,0.021,0.44,5,0.6519230769230768,0.44,1,1,1,0.6519230769230768,undefined,111
0,0,0,1,1,scenario1,3,3650,HIC,1000000,Absent,0.25,10,14,14,14,14,0.05,30,3650,1,1,0.02,1,30,1095,1185,vaccine,0.6519230769230768,2.5,1000,35,75,565,0.091,0.021,0.44,5,0.6519230769230768,0.44,1,1,2,0.6519230769230768,undefined,112
0,0,0,1,1,scenario1,3,3650,HIC,1000000,Absent,0.25,10,14,14,14,14,0.05,30,3650,1,1,0.02,1,30,1095,1185,vaccine,0.6519230769230768,2.5,1000,35,75,565,0.091,0.021,0.44,5,0.6519230769230768,0.44,1,1,3,0.6519230769230768,undefined,113
0,0,0,1,1,scenario1,3,3650,HIC,1000000,Absent,0.25,10,14,14,14,14,0.05,30,3650,1,1,0.02,1,30,1095,1185,vaccine,0.6519230769230768,2.5,1000,35,75,565,0.091,0.021,0.44,5,0.6519230769230768,0.44,1,1,4,0.6519230769230768,undefined,114
0,0,0,1,1,scenario1,3,3650,HIC,1000000,Absent,0.25,10,14,14,14,14,0.05,30,3650,1,1,0.02,1,30,1095,1185,vaccine,0.6519230769230768,2.5,1000,35,75,565,0.091,0.021,0.44,5,0.6519230769230768,0.44,1,1,5,0.6519230769230768,undefined,115
0,0,0,1,1,scenario1,3,3650,HIC,1000000,Absent,0.25,10,14,14,14,14,0.05,30,3650,1,1,0.02,1,30,1095,1185,vaccine,0.6519230769230768,2.5,1000,35,75,565,0.091,0.021,0.44,5,0.760576923076923,0.44,1,1,1,0.6519230769230768,undefined,116
0,0,0,1,1,scenario1,3,3650,HIC,1000000,Absent,0.25,10,14,14,14,14,0.05,30,3650,1,1,0.02,1,30,1095,1185,vaccine,0.6519230769230768,2.5,1000,35,75,565,0.091,0.021,0.44,5,0.760576923076923,0.44,1,1,2,0.6519230769230768,undefined,117
0,0,0,1,1,scenario1,3,3650,HIC,1000000,Absent,0.25,10,14,14,14,14,0.05,30,3650,1,1,0.02,1,30,1095,1185,vaccine,0.6519230769230768,2.5,1000,35,75,565,0.091,0.021,0.44,5,0.760576923076923,0.44,1,1,3,0.6519230769230768,undefined,118
0,0,0,1,1,scenario1,3,3650,HIC,1000000,Absent,0.25,10,14,14,14,14,0.05,30,3650,1,1,0.02,1,30,1095,1185,vaccine,0.6519230769230768,2.5,1000,35,75,565,0.091,0.021,0.44,5,0.760576923076923,0.44,1,1,4,0.6519230769230768,undefined,119
0,0,0,1,1,scenario1,3,3650,HIC,1000000,Absent,0.25,10,14,14,14,14,0.05,30,3650,1,1,0.02,1,30,1095,1185,vaccine,0.6519230769230768,2.5,1000,35,75,565,0.091,0.021,0.44,5,0.760576923076923,0.44,1,1,5,0.6519230769230768,undefined,120
0,0,0,1,1,scenario1,3,3650,HIC,1000000,Absent,0.25,10,14,14,14,14,0.05,30,3650,1,1,0.02,1,30,1095,1185,vaccine,0.6519230769230768,2.5,1000,35,75,565,0.091,0.021,0.44,5,0.8692307692307691,0.44,1,1,1,0.6519230769230768,undefined,121
0,0,0,1,1,scenario1,3,3650,HIC,1000000,Absent,0.25,10,14,14,14,14,0.05,30,3650,1,1,0.02,1,30,1095,1185,vaccine,0.6519230769230768,2.5,1000,35,75,565,0.091,0.021,0.44,5,0.8692307692307691,0.44,1,1,2,0.6519230769230768,undefined,122
0,0,0,1,1,scenario1,3,3650,HIC,1000000,Absent,0.25,10,14,14,14,14,0.05,30,3650,1,1,0.02,1,30,1095,1185,vaccine,0.6519230769230768,2.5,1000,35,75,565,0.091,0.021,0.44,5,0.8692307692307691,0.44,1,1,3,0.6519230769230768,undefined,123
0,0,0,1,1,scenario1,3,3650,HIC,1000000,Absent,0.25,10,14,14,14,14,0.05,30,3650,1,1,0.02,1,30,1095,1185,vaccine,0.6519230769230768,2.5,1000,35,75,565,0.091,0.021,0.44,5,0.8692307692307691,0.44,1,1,4,0.6519230769230768,undefined,124
0,0,0,1,1,scenario1,3,3650,HIC,1000000,Absent,0.25,10,14,14,14,14,0.05,30,3650,1,1,0.02,1,30,1095,1185,vaccine,0.6519230769230768,2.5,1000,35,75,565,0.091,0.021,0.44,5,0.8692307692307691,0.44,1,1,5,0.6519230769230768,undefined,125
0,0,0,1,1,scenario1,3,3650,HIC,1000000,Absent,0.25,10,14,14,14,14,0.05,30,3650,1,1,0.04,1,30,1095,1185,vaccine,0.6519230769230768,2.5,1000,35,75,565,0.091,0.021,0.44,5,0.43461538461538457,0.44,1,1,1,0.6519230769230768,undefined,126
0,0,0,1,1,scenario1,3,3650,HIC,1000000,Absent,0.25,10,14,14,14,14,0.05,30,3650,1,1,0.04,1,30,1095,1185,vaccine,0.6519230769230768,2.5,1000,35,75,565,0.091,0.021,0.44,5,0.43461538461538457,0.44,1,1,2,0.6519230769230768,undefined,127
0,0,0,1,1,scenario1,3,3650,HIC,1000000,Absent,0.25,10,14,14,14,14,0.05,30,3650,1,1,0.04,1,30,1095,1185,vaccine,0.6519230769230768,2.5,1000,35,75,565,0.091,0.021,0.44,5,0.43461538461538457,0.44,1,1,3,0.6519230769230768,undefined,128
0,0,0,1,1,scenario1,3,3650,HIC,1000000,Absent,0.25,10,14,14,14,14,0.05,30,3650,1,1,0.04,1,30,1095,1185,vaccine,0.6519230769230768,2.5,1000,35,75,565,0.091,0.021,0.44,5,0.43461538461538457,0.44,1,1,4,0.6519230769230768,undefined,129
0,0,0,1,1,scenario1,3,3650,HIC,1000000,Absent,0.25,10,14,14,14,14,0.05,30,3650,1,1,0.04,1,30,1095,1185,vaccine,0.6519230769230768,2.5,1000,35,75,565,0.091,0.021,0.44,5,0.43461538461538457,0.44,1,1,5,0.6519230769230768,undefined,130
0,0,0,1,1,scenario1,3,3650,HIC,1000000,Absent,0.25,10,14,14,14,14,0.05,30,3650,1,1,0.04,1,30,1095,1185,vaccine,0.6519230769230768,2.5,1000,35,75,565,0.091,0.021,0.44,5,0.5432692307692307,0.44,1,1,1,0.6519230769230768,undefined,131
0,0,0,1,1,scenario1,3,3650,HIC,1000000,Absent,0.25,10,14,14,14,14,0.05,30,3650,1,1,0.04,1,30,1095,1185,vaccine,0.6519230769230768,2.5,1000,35,75,565,0.091,0.021,0.44,5,0.5432692307692307,0.44,1,1,2,0.6519230769230768,undefined,132
0,0,0,1,1,scenario1,3,3650,HIC,1000000,Absent,0.25,10,14,14,14,14,0.05,30,3650,1,1,0.04,1,30,1095,1185,vaccine,0.6519230769230768,2.5,1000,35,75,565,0.091,0.021,0.44,5,0.5432692307692307,0.44,1,1,3,0.6519230769230768,undefined,133
0,0,0,1,1,scenario1,3,3650,HIC,1000000,Absent,0.25,10,14,14,14,14,0.05,30,3650,1,1,0.04,1,30,1095,1185,vaccine,0.6519230769230768,2.5,1000,35,75,565,0.091,0.021,0.44,5,0.5432692307692307,0.44,1,1,4,0.6519230769230768,undefined,134
0,0,0,1,1,scenario1,3,3650,HIC,1000000,Absent,0.25,10,14,14,14,14,0.05,30,3650,1,1,0.04,1,30,1095,1185,vaccine,0.6519230769230768,2.5,1000,35,75,565,0.091,0.021,0.44,5,0.5432692307692307,0.44,1,1,5,0.6519230769230768,undefined,135
0,0,0,1,1,scenario1,3,3650,HIC,1000000,Absent,0.25,10,14,14,14,14,0.05,30,3650,1,1,0.04,1,30,1095,1185,vaccine,0.6519230769230768,2.5,1000,35,75,565,0.091,0.021,0.44,5,0.6519230769230768,0.44,1,1,1,0.6519230769230768,undefined,136
0,0,0,1,1,scenario1,3,3650,HIC,1000000,Absent,0.25,10,14,14,14,14,0.05,30,3650,1,1,0.04,1,30,1095,1185,vaccine,0.6519230769230768,2.5,1000,35,75,565,0.091,0.021,0.44,5,0.6519230769230768,0.44,1,1,2,0.6519230769230768,undefined,137
0,0,0,1,1,scenario1,3,3650,HIC,1000000,Absent,0.25,10,14,14,14,14,0.05,30,3650,1,1,0.04,1,30,1095,1185,vaccine,0.6519230769230768,2.5,1000,35,75,565,0.091,0.021,0.44,5,0.6519230769230768,0.44,1,1,3,0.6519230769230768,undefined,138
0,0,0,1,1,scenario1,3,3650,HIC,1000000,Absent,0.25,10,14,14,14,14,0.05,30,3650,1,1,0.04,1,30,1095,1185,vaccine,0.6519230769230768,2.5,1000,35,75,565,0.091,0.021,0.44,5,0.6519230769230768,0.44,1,1,4,0.6519230769230768,undefined,139
0,0,0,1,1,scenario1,3,3650,HIC,1000000,Absent,0.25,10,14,14,14,14,0.05,30,3650,1,1,0.04,1,30,1095,1185,vaccine,0.6519230769230768,2.5,1000,35,75,565,0.091,0.021,0.44,5,0.6519230769230768,0.44,1,1,5,0.6519230769230768,undefined,140
0,0,0,1,1,scenario1,3,3650,HIC,1000000,Absent,0.25,10,14,14,14,14,0.05,30,3650,1,1,0.04,1,30,1095,1185,vaccine,0.6519230769230768,2.5,1000,35,75,565,0.091,0.021,0.44,5,0.760576923076923,0.44,1,1,1,0.6519230769230768,undefined,141
0,0,0,1,1,scenario1,3,3650,HIC,1000000,Absent,0.25,10,14,14,14,14,0.05,30,3650,1,1,0.04,1,30,1095,1185,vaccine,0.6519230769230768,2.5,1000,35,75,565,0.091,0.021,0.44,5,0.760576923076923,0.44,1,1,2,0.6519230769230768,undefined,142
0,0,0,1,1,scenario1,3,3650,HIC,1000000,Absent,0.25,10,14,14,14,14,0.05,30,3650,1,1,0.04,1,30,1095,1185,vaccine,0.6519230769230768,2.5,1000,35,75,565,0.091,0.021,0.44,5,0.760576923076923,0.44,1,1,3,0.6519230769230768,undefined,143
0,0,0,1,1,scenario1,3,3650,HIC,1000000,Absent,0.25,10,14,14,14,14,0.05,30,3650,1,1,0.04,1,30,1095,1185,vaccine,0.6519230769230768,2.5,1000,35,75,565,0.091,0.021,0.44,5,0.760576923076923,0.44,1,1,4,0.6519230769230768,undefined,144
0,0,0,1,1,scenario1,3,3650,HIC,1000000,Absent,0.25,10,14,14,14,14,0.05,30,3650,1,1,0.04,1,30,1095,1185,vaccine,0.6519230769230768,2.5,1000,35,75,565,0.091,0.021,0.44,5,0.760576923076923,0.44,1,1,5,0.6519230769230768,undefined,145
0,0,0,1,1,scenario1,3,3650,HIC,1000000,Absent,0.25,10,14,14,14,14,0.05,30,3650,1,1,0.04,1,30,1095,1185,vaccine,0.6519230769230768,2.5,1000,35,75,565,0.091,0.021,0.44,5,0.8692307692307691,0.44,1,1,1,0.6519230769230768,undefined,146
0,0,0,1,1,scenario1,3,3650,HIC,1000000,Absent,0.25,10,14,14,14,14,0.05,30,3650,1,1,0.04,1,30,1095,1185,vaccine,0.6519230769230768,2.5,1000,35,75,565,0.091,0.021,0.44,5,0.8692307692307691,0.44,1,1,2,0.6519230769230768,undefined,147
0,0,0,1,1,scenario1,3,3650,HIC,1000000,Absent,0.25,10,14,14,14,14,0.05,30,3650,1,1,0.04,1,30,1095,1185,vaccine,0.6519230769230768,2.5,1000,35,75,565,0.091,0.021,0.44,5,0.8692307692307691,0.44,1,1,3,0.6519230769230768,undefined,148
0,0,0,1,1,scenario1,3,3650,HIC,1000000,Absent,0.25,10,14,14,14,14,0.05,30,3650,1,1,0.04,1,30,1095,1185,vaccine,0.6519230769230768,2.5,1000,35,75,565,0.091,0.021,0.44,5,0.8692307692307691,0.44,1,1,4,0.6519230769230768,undefined,149
0,0,0,1,1,scenario1,3,3650,HIC,1000000,Absent,0.25,10,14,14,14,14,0.05,30,3650,1,1,0.04,1,30,1095,1185,vaccine,0.6519230769230768,2.5,1000,35,75,565,0.091,0.021,0.44,5,0.8692307692307691,0.44,1,1,5,0.6519230769230768,undefined,150
0,0,0,1,1,scenario1,3,3650,HIC,1000000,Absent,0.25,10,14,14,14,14,0.05,30,3650,1,1,0.06,1,30,1095,1185,vaccine,0.6519230769230768,2.5,1000,35,75,565,0.091,0.021,0.44,5,0.43461538461538457,0.44,1,1,1,0.6519230769230768,undefined,151
0,0,0,1,1,scenario1,3,3650,HIC,1000000,Absent,0.25,10,14,14,14,14,0.05,30,3650,1,1,0.06,1,30,1095,1185,vaccine,0.6519230769230768,2.5,1000,35,75,565,0.091,0.021,0.44,5,0.43461538461538457,0.44,1,1,2,0.6519230769230768,undefined,152
0,0,0,1,1,scenario1,3,3650,HIC,1000000,Absent,0.25,10,14,14,14,14,0.05,30,3650,1,1,0.06,1,30,1095,1185,vaccine,0.6519230769230768,2.5,1000,35,75,565,0.091,0.021,0.44,5,0.43461538461538457,0.44,1,1,3,0.6519230769230768,undefined,153
0,0,0,1,1,scenario1,3,3650,HIC,1000000,Absent,0.25,10,14,14,14,14,0.05,30,3650,1,1,0.06,1,30,1095,1185,vaccine,0.6519230769230768,2.5,1000,35,75,565,0.091,0.021,0.44,5,0.43461538461538457,0.44,1,1,4,0.6519230769230768,undefined,154
0,0,0,1,1,scenario1,3,3650,HIC,1000000,Absent,0.25,10,14,14,14,14,0.05,30,3650,1,1,0.06,1,30,1095,1185,vaccine,0.6519230769230768,2.5,1000,35,75,565,0.091,0.021,0.44,5,0.43461538461538457,0.44,1,1,5,0.6519230769230768,undefined,155
0,0,0,1,1,scenario1,3,3650,HIC,1000000,Absent,0.25,10,14,14,14,14,0.05,30,3650,1,1,0.06,1,30,1095,1185,vaccine,0.6519230769230768,2.5,1000,35,75,565,0.091,0.021,0.44,5,0.5432692307692307,0.44,1,1,1,0.6519230769230768,undefined,156
0,0,0,1,1,scenario1,3,3650,HIC,1000000,Absent,0.25,10,14,14,14,14,0.05,30,3650,1,1,0.06,1,30,1095,1185,vaccine,0.6519230769230768,2.5,1000,35,75,565,0.091,0.021,0.44,5,0.5432692307692307,0.44,1,1,2,0.6519230769230768,undefined,157
0,0,0,1,1,scenario1,3,3650,HIC,1000000,Absent,0.25,10,14,14,14,14,0.05,30,3650,1,1,0.06,1,30,1095,1185,vaccine,0.6519230769230768,2.5,1000,35,75,565,0.091,0.021,0.44,5,0.5432692307692307,0.44,1,1,3,0.6519230769230768,undefined,158
0,0,0,1,1,scenario1,3,3650,HIC,1000000,Absent,0.25,10,14,14,14,14,0.05,30,3650,1,1,0.06,1,30,1095,1185,vaccine,0.6519230769230768,2.5,1000,35,75,565,0.091,0.021,0.44,5,0.5432692307692307,0.44,1,1,4,0.6519230769230768,undefined,159
0,0,0,1,1,scenario1,3,3650,HIC,1000000,Absent,0.25,10,14,14,14,14,0.05,30,3650,1,1,0.06,1,30,1095,1185,vaccine,0.6519230769230768,2.5,1000,35,75,565,0.091,0.021,0.44,5,0.5432692307692307,0.44,1,1,5,0.6519230769230768,undefined,160
0,0,0,1,1,scenario1,3,3650,HIC,1000000,Absent,0.25,10,14,14,14,14,0.05,30,3650,1,1,0.06,1,30,1095,1185,vaccine,0.6519230769230768,2.5,1000,35,75,565,0.091,0.021,0.44,5,0.6519230769230768,0.44,1,1,1,0.6519230769230768,undefined,161
0,0,0,1,1,scenario1,3,3650,HIC,1000000,Absent,0.25,10,14,14,14,14,0.05,30,3650,1,1,0.06,1,30,1095,1185,vaccine,0.6519230769230768,2.5,1000,35,75,565,0.091,0.021,0.44,5,0.6519230769230768,0.44,1,1,2,0.6519230769230768,undefined,162
0,0,0,1,1,scenario1,3,3650,HIC,1000000,Absent,0.25,10,14,14,14,14,0.05,30,3650,1,1,0.06,1,30,1095,1185,vaccine,0.6519230769230768,2.5,1000,35,75,565,0.091,0.021,0.44,5,0.6519230769230768,0.44,1,1,3,0.6519230769230768,undefined,163
0,0,0,1,1,scenario1,3,3650,HIC,1000000,Absent,0.25,10,14,14,14,14,0.05,30,3650,1,1,0.06,1,30,1095,1185,vaccine,0.6519230769230768,2.5,1000,35,75,565,0.091,0.021,0.44,5,0.6519230769230768,0.44,1,1,4,0.6519230769230768,undefined,164
0,0,0,1,1,scenario1,3,3650,HIC,1000000,Absent,0.25,10,14,14,14,14,0.05,30,3650,1,1,0.06,1,30,1095,1185,vaccine,0.6519230769230768,2.5,1000,35,75,565,0.091,0.021,0.44,5,0.6519230769230768,0.44,1,1,5,0.6519230769230768,undefined,165
0,0,0,1,1,scenario1,3,3650,HIC,1000000,Absent,0.25,10,14,14,14,14,0.05,30,3650,1,1,0.06,1,30,1095,1185,vaccine,0.6519230769230768,2.5,1000,35,75,565,0.091,0.021,0.44,5,0.760576923076923,0.44,1,1,1,0.6519230769230768,undefined,166
0,0,0,1,1,scenario1,3,3650,HIC,1000000,Absent,0.25,10,14,14,14,14,0.05,30,3650,1,1,0.06,1,30,1095,1185,vaccine,0.6519230769230768,2.5,1000,35,75,565,0.091,0.021,0.44,5,0.760576923076923,0.44,1,1,2,0.6519230769230768,undefined,167
0,0,0,1,1,scenario1,3,3650,HIC,1000000,Absent,0.25,10,14,14,14,14,0.05,30,3650,1,1,0.06,1,30,1095,1185,vaccine,0.6519230769230768,2.5,1000,35,75,565,0.091,0.021,0.44,5,0.760576923076923,0.44,1,1,3,0.6519230769230768,undefined,168
0,0,0,1,1,scenario1,3,3650,HIC,1000000,Absent,0.25,10,14,14,14,14,0.05,30,3650,1,1,0.06,1,30,1095,1185,vaccine,0.6519230769230768,2.5,1000,35,75,565,0.091,0.021,0.44,5,0.760576923076923,0.44,1,1,4,0.6519230769230768,undefined,169
0,0,0,1,1,scenario1,3,3650,HIC,1000000,Absent,0.25,10,14,14,14,14,0.05,30,3650,1,1,0.06,1,30,1095,1185,vaccine,0.6519230769230768,2.5,1000,35,75,565,0.091,0.021,0.44,5,0.760576923076923,0.44,1,1,5,0.6519230769230768,undefined,170
0,0,0,1,1,scenario1,3,3650,HIC,1000000,Absent,0.25,10,14,14,14,14,0.05,30,3650,1,1,0.06,1,30,1095,1185,vaccine,0.6519230769230768,2.5,1000,35,75,565,0.091,0.021,0.44,5,0.8692307692307691,0.44,1,1,1,0.6519230769230768,undefined,171
0,0,0,1,1,scenario1,3,3650,HIC,1000000,Absent,0.25,10,14,14,14,14,0.05,30,3650,1,1,0.06,1,30,1095,1185,vaccine,0.6519230769230768,2.5,1000,35,75,565,0.091,0.021,0.44,5,0.8692307692307691,0.44,1,1,2,0.6519230769230768,undefined,172
0,0,0,1,1,scenario1,3,3650,HIC,1000000,Absent,0.25,10,14,14,14,14,0.05,30,3650,1,1,0.06,1,30,1095,1185,vaccine,0.6519230769230768,2.5,1000,35,75,565,0.091,0.021,0.44,5,0.8692307692307691,0.44,1,1,3,0.6519230769230768,undefined,173
0,0,0,1,1,scenario1,3,3650,HIC,1000000,Absent,0.25,10,14,14,14,14,0.05,30,3650,1,1,0.06,1,30,1095,1185,vaccine,0.6519230769230768,2.5,1000,35,75,565,0.091,0.021,0.44,5,0.8692307692307691,0.44,1,1,4,0.6519230769230768,undefined,174
0,0,0,1,1,scenario1,3,3650,HIC,1000000,Absent,0.25,10,14,14,14,14,0.05,30,3650,1,1,0.06,1,30,1095,1185,vaccine,0.6519230769230768,2.5,1000,35,75,565,0.091,0.021,0.44,5,0.8692307692307691,0.44,1,1,5,0.6519230769230768,undefined,175
0,0,0,1,1,scenario1,3,3650,HIC,1000000,Absent,0.25,10,14,14,14,14,0.05,30,3650,1,1,0.08,1,30,1095,1185,vaccine,0.6519230769230768,2.5,1000,35,75,565,0.091,0.021,0.44,5,0.43461538461538457,0.44,1,1,1,0.6519230769230768,undefined,176
0,0,0,1,1,scenario1,3,3650,HIC,1000000,Absent,0.25,10,14,14,14,14,0.05,30,3650,1,1,0.08,1,30,1095,1185,vaccine,0.6519230769230768,2.5,1000,35,75,565,0.091,0.021,0.44,5,0.43461538461538457,0.44,1,1,2,0.6519230769230768,undefined,177
0,0,0,1,1,scenario1,3,3650,HIC,1000000,Absent,0.25,10,14,14,14,14,0.05,30,3650,1,1,0.08,1,30,1095,1185,vaccine,0.6519230769230768,2.5,1000,35,75,565,0.091,0.021,0.44,5,0.43461538461538457,0.44,1,1,3,0.6519230769230768,undefined,178
0,0,0,1,1,scenario1,3,3650,HIC,1000000,Absent,0.25,10,14,14,14,14,0.05,30,3650,1,1,0.08,1,30,1095,1185,vaccine,0.6519230769230768,2.5,1000,35,75,565,0.091,0.021,0.44,5,0.43461538461538457,0.44,1,1,4,0.6519230769230768,undefined,179
0,0,0,1,1,scenario1,3,3650,HIC,1000000,Absent,0.25,10,14,14,14,14,0.05,30,3650,1,1,0.08,1,30,1095,1185,vaccine,0.6519230769230768,2.5,1000,35,75,565,0.091,0.021,0.44,5,0.43461538461538457,0.44,1,1,5,0.6519230769230768,undefined,180
0,0,0,1,1,scenario1,3,3650,HIC,1000000,Absent,0.25,10,14,14,14,14,0.05,30,3650,1,1,0.08,1,30,1095,1185,vaccine,0.6519230769230768,2.5,1000,35,75,565,0.091,0.021,0.44,5,0.5432692307692307,0.44,1,1,1,0.6519230769230768,undefined,181
0,0,0,1,1,scenario1,3,3650,HIC,1000000,Absent,0.25,10,14,14,14,14,0.05,30,3650,1,1,0.08,1,30,1095,1185,vaccine,0.6519230769230768,2.5,1000,35,75,565,0.091,0.021,0.44,5,0.5432692307692307,0.44,1,1,2,0.6519230769230768,undefined,182
0,0,0,1,1,scenario1,3,3650,HIC,1000000,Absent,0.25,10,14,14,14,14,0.05,30,3650,1,1,0.08,1,30,1095,1185,vaccine,0.6519230769230768,2.5,1000,35,75,565,0.091,0.021,0.44,5,0.5432692307692307,0.44,1,1,3,0.6519230769230768,undefined,183
0,0,0,1,1,scenario1,3,3650,HIC,1000000,Absent,0.25,10,14,14,14,14,0.05,30,3650,1,1,0.08,1,30,1095,1185,vaccine,0.6519230769230768,2.5,1000,35,75,565,0.091,0.021,0.44,5,0.5432692307692307,0.44,1,1,4,0.6519230769230768,undefined,184
0,0,0,1,1,scenario1,3,3650,HIC,1000000,Absent,0.25,10,14,14,14,14,0.05,30,3650,1,1,0.08,1,30,1095,1185,vaccine,0.6519230769230768,2.5,1000,35,75,565,0.091,0.021,0.44,5,0.5432692307692307,0.44,1,1,5,0.6519230769230768,undefined,185
0,0,0,1,1,scenario1,3,3650,HIC,1000000,Absent,0.25,10,14,14,14,14,0.05,30,3650,1,1,0.08,1,30,1095,1185,vaccine,0.6519230769230768,2.5,1000,35,75,565,0.091,0.021,0.44,5,0.6519230769230768,0.44,1,1,1,0.6519230769230768,undefined,186
0,0,0,1,1,scenario1,3,3650,HIC,1000000,Absent,0.25,10,14,14,14,14,0.05,30,3650,1,1,0.08,1,30,1095,1185,vaccine,0.6519230769230768,2.5,1000,35,75,565,0.091,0.021,0.44,5,0.6519230769230768,0.44,1,1,2,0.6519230769230768,undefined,187
0,0,0,1,1,scenario1,3,3650,HIC,1000000,Absent,0.25,10,14,14,14,14,0.05,30,3650,1,1,0.08,1,30,1095,1185,vaccine,0.6519230769230768,2.5,1000,35,75,565,0.091,0.021,0.44,5,0.6519230769230768,0.44,1,1,3,0.6519230769230768,undefined,188
0,0,0,1,1,scenario1,3,3650,HIC,1000000,Absent,0.25,10,14,14,14,14,0.05,30,3650,1,1,0.08,1,30,1095,1185,vaccine,0.6519230769230768,2.5,1000,35,75,565,0.091,0.021,0.44,5,0.6519230769230768,0.44,1,1,4,0.6519230769230768,undefined,189
0,0,0,1,1,scenario1,3,3650,HIC,1000000,Absent,0.25,10,14,14,14,14,0.05,30,3650,1,1,0.08,1,30,1095,1185,vaccine,0.6519230769230768,2.5,1000,35,75,565,0.091,0.021,0.44,5,0.6519230769230768,0.44,1,1,5,0.6519230769230768,undefined,190
0,0,0,1,1,scenario1,3,3650,HIC,1000000,Absent,0.25,10,14,14,14,14,0.05,30,3650,1,1,0.08,1,30,1095,1185,vaccine,0.6519230769230768,2.5,1000,35,75,565,0.091,0.021,0.44,5,0.760576923076923,0.44,1,1,1,0.6519230769230768,undefined,191
0,0,0,1,1,scenario1,3,3650,HIC,1000000,Absent,0.25,10,14,14,14,14,0.05,30,3650,1,1,0.08,1,30,1095,1185,vaccine,0.6519230769230768,2.5,1000,35,75,565,0.091,0.021,0.44,5,0.760576923076923,0.44,1,1,2,0.6519230769230768,undefined,192
0,0,0,1,1,scenario1,3,3650,HIC,1000000,Absent,0.25,10,14,14,14,14,0.05,30,3650,1,1,0.08,1,30,1095,1185,vaccine,0.6519230769230768,2.5,1000,35,75,565,0.091,0.021,0.44,5,0.760576923076923,0.44,1,1,3,0.6519230769230768,undefined,193
0,0,0,1,1,scenario1,3,3650,HIC,1000000,Absent,0.25,10,14,14,14,14,0.05,30,3650,1,1,0.08,1,30,1095,1185,vaccine,0.6519230769230768,2.5,1000,35,75,565,0.091,0.021,0.44,5,0.760576923076923,0.44,1,1,4,0.6519230769230768,undefined,194
0,0,0,1,1,scenario1,3,3650,HIC,1000000,Absent,0.25,10,14,14,14,14,0.05,30,3650,1,1,0.08,1,30,1095,1185,vaccine,0.6519230769230768,2.5,1000,35,75,565,0.091,0.021,0.44,5,0.760576923076923,0.44,1,1,5,0.6519230769230768,undefined,195
0,0,0,1,1,scenario1,3,3650,HIC,1000000,Absent,0.25,10,14,14,14,14,0.05,30,3650,1,1,0.08,1,30,1095,1185,vaccine,0.6519230769230768,2.5,1000,35,75,565,0.091,0.021,0.44,5,0.8692307692307691,0.44,1,1,1,0.6519230769230768,undefined,196
0,0,0,1,1,scenario1,3,3650,HIC,1000000,Absent,0.25,10,14,14,14,14,0.05,30,3650,1,1,0.08,1,30,1095,1185,vaccine,0.6519230769230768,2.5,1000,35,75,565,0.091,0.021,0.44,5,0.8692307692307691,0.44,1,1,2,0.6519230769230768,undefined,197
0,0,0,1,1,scenario1,3,3650,HIC,1000000,Absent,0.25,10,14,14,14,14,0.05,30,3650,1,1,0.08,1,30,1095,1185,vaccine,0.6519230769230768,2.5,1000,35,75,565,0.091,0.021,0.44,5,0.8692307692307691,0.44,1,1,3,0.6519230769230768,undefined,198
0,0,0,1,1,scenario1,3,3650,HIC,1000000,Absent,0.25,10,14,14,14,14,0.05,30,3650,1,1,0.08,1,30,1095,1185,vaccine,0.6519230769230768,2.5,1000,35,75,565,0.091,0.021,0.44,5,0.8692307692307691,0.44,1,1,4,0.6519230769230768,undefined,199
0,0,0,1,1,scenario1,3,3650,HIC,1000000,Absent,0.25,10,14,14,14,14,0.05,30,3650,1,1,0.08,1,30,1095,1185,vaccine,0.6519230769230768,2.5,1000,35,75,565,0.091,0.021,0.44,5,0.8692307692307691,0.44,1,1,5,0.6519230769230768,undefined,200
0,0,0,1,1,scenario1,3.5,3650,HIC,1000000,Absent,0.25,10,14,14,14,14,0.05,30,3650,1,1,0.02,1,30,1095,1185,vaccine,0.6519230769230768,2.5,1000,35,75,565,0.091,0.021,0.44,5,0.43461538461538457,0.44,1,1,1,0.6519230769230768,undefined,201
0,0,0,1,1,scenario1,3.5,3650,HIC,1000000,Absent,0.25,10,14,14,14,14,0.05,30,3650,1,1,0.02,1,30,1095,1185,vaccine,0.6519230769230768,2.5,1000,35,75,565,0.091,0.021,0.44,5,0.43461538461538457,0.44,1,1,2,0.6519230769230768,undefined,202
0,0,0,1,1,scenario1,3.5,3650,HIC,1000000,Absent,0.25,10,14,14,14,14,0.05,30,3650,1,1,0.02,1,30,1095,1185,vaccine,0.6519230769230768,2.5,1000,35,75,565,0.091,0.021,0.44,5,0.43461538461538457,0.44,1,1,3,0.6519230769230768,undefined,203
0,0,0,1,1,scenario1,3.5,3650,HIC,1000000,Absent,0.25,10,14,14,14,14,0.05,30,3650,1,1,0.02,1,30,1095,1185,vaccine,0.6519230769230768,2.5,1000,35,75,565,0.091,0.021,0.44,5,0.43461538461538457,0.44,1,1,4,0.6519230769230768,undefined,204
0,0,0,1,1,scenario1,3.5,3650,HIC,1000000,Absent,0.25,10,14,14,14,14,0.05,30,3650,1,1,0.02,1,30,1095,1185,vaccine,0.6519230769230768,2.5,1000,35,75,565,0.091,0.021,0.44,5,0.43461538461538457,0.44,1,1,5,0.6519230769230768,undefined,205
0,0,0,1,1,scenario1,3.5,3650,HIC,1000000,Absent,0.25,10,14,14,14,14,0.05,30,3650,1,1,0.02,1,30,1095,1185,vaccine,0.6519230769230768,2.5,1000,35,75,565,0.091,0.021,0.44,5,0.5432692307692307,0.44,1,1,1,0.6519230769230768,undefined,206
0,0,0,1,1,scenario1,3.5,3650,HIC,1000000,Absent,0.25,10,14,14,14,14,0.05,30,3650,1,1,0.02,1,30,1095,1185,vaccine,0.6519230769230768,2.5,1000,35,75,565,0.091,0.021,0.44,5,0.5432692307692307,0.44,1,1,2,0.6519230769230768,undefined,207
0,0,0,1,1,scenario1,3.5,3650,HIC,1000000,Absent,0.25,10,14,14,14,14,0.05,30,3650,1,1,0.02,1,30,1095,1185,vaccine,0.6519230769230768,2.5,1000,35,75,565,0.091,0.021,0.44,5,0.5432692307692307,0.44,1,1,3,0.6519230769230768,undefined,208
0,0,0,1,1,scenario1,3.5,3650,HIC,1000000,Absent,0.25,10,14,14,14,14,0.05,30,3650,1,1,0.02,1,30,1095,1185,vaccine,0.6519230769230768,2.5,1000,35,75,565,0.091,0.021,0.44,5,0.5432692307692307,0.44,1,1,4,0.6519230769230768,undefined,209
0,0,0,1,1,scenario1,3.5,3650,HIC,1000000,Absent,0.25,10,14,14,14,14,0.05,30,3650,1,1,0.02,1,30,1095,1185,vaccine,0.6519230769230768,2.5,1000,35,75,565,0.091,0.021,0.44,5,0.5432692307692307,0.44,1,1,5,0.6519230769230768,undefined,210
0,0,0,1,1,scenario1,3.5,3650,HIC,1000000,Absent,0.25,10,14,14,14,14,0.05,30,3650,1,1,0.02,1,30,1095,1185,vaccine,0.6519230769230768,2.5,1000,35,75,565,0.091,0.021,0.44,5,0.6519230769230768,0.44,1,1,1,0.6519230769230768,undefined,211
0,0,0,1,1,scenario1,3.5,3650,HIC,1000000,Absent,0.25,10,14,14,14,14,0.05,30,3650,1,1,0.02,1,30,1095,1185,vaccine,0.6519230769230768,2.5,1000,35,75,565,0.091,0.021,0.44,5,0.6519230769230768,0.44,1,1,2,0.6519230769230768,undefined,212
0,0,0,1,1,scenario1,3.5,3650,HIC,1000000,Absent,0.25,10,14,14,14,14,0.05,30,3650,1,1,0.02,1,30,1095,1185,vaccine,0.6519230769230768,2.5,1000,35,75,565,0.091,0.021,0.44,5,0.6519230769230768,0.44,1,1,3,0.6519230769230768,undefined,213
0,0,0,1,1,scenario1,3.5,3650,HIC,1000000,Absent,0.25,10,14,14,14,14,0.05,30,3650,1,1,0.02,1,30,1095,1185,vaccine,0.6519230769230768,2.5,1000,35,75,565,0.091,0.021,0.44,5,0.6519230769230768,0.44,1,1,4,0.6519230769230768,undefined,214
0,0,0,1,1,scenario1,3.5,3650,HIC,1000000,Absent,0.25,10,14,14,14,14,0.05,30,3650,1,1,0.02,1,30,1095,1185,vaccine,0.6519230769230768,2.5,1000,35,75,565,0.091,0.021,0.44,5,0.6519230769230768,0.44,1,1,5,0.6519230769230768,undefined,215
0,0,0,1,1,scenario1,3.5,3650,HIC,1000000,Absent,0.25,10,14,14,14,14,0.05,30,3650,1,1,0.02,1,30,1095,1185,vaccine,0.6519230769230768,2.5,1000,35,75,565,0.091,0.021,0.44,5,0.760576923076923,0.44,1,1,1,0.6519230769230768,undefined,216
0,0,0,1,1,scenario1,3.5,3650,HIC,1000000,Absent,0.25,10,14,14,14,14,0.05,30,3650,1,1,0.02,1,30,1095,1185,vaccine,0.6519230769230768,2.5,1000,35,75,565,0.091,0.021,0.44,5,0.760576923076923,0.44,1,1,2,0.6519230769230768,undefined,217
0,0,0,1,1,scenario1,3.5,3650,HIC,1000000,Absent,0.25,10,14,14,14,14,0.05,30,3650,1,1,0.02,1,30,1095,1185,vaccine,0.6519230769230768,2.5,1000,35,75,565,0.091,0.021,0.44,5,0.760576923076923,0.44,1,1,3,0.6519230769230768,undefined,218
0,0,0,1,1,scenario1,3.5,3650,HIC,1000000,Absent,0.25,10,14,14,14,14,0.05,30,3650,1,1,0.02,1,30,1095,1185,vaccine,0.6519230769230768,2.5,1000,35,75,565,0.091,0.021,0.44,5,0.760576923076923,0.44,1,1,4,0.6519230769230768,undefined,219
0,0,0,1,1,scenario1,3.5,3650,HIC,1000000,Absent,0.25,10,14,14,14,14,0.05,30,3650,1,1,0.02,1,30,1095,1185,vaccine,0.6519230769230768,2.5,1000,35,75,565,0.091,0.021,0.44,5,0.760576923076923,0.44,1,1,5,0.6519230769230768,undefined,220
0,0,0,1,1,scenario1,3.5,3650,HIC,1000000,Absent,0.25,10,14,14,14,14,0.05,30,3650,1,1,0.02,1,30,1095,1185,vaccine,0.6519230769230768,2.5,1000,35,75,565,0.091,0.021,0.44,5,0.8692307692307691,0.44,1,1,1,0.6519230769230768,undefined,221
0,0,0,1,1,scenario1,3.5,3650,HIC,1000000,Absent,0.25,10,14,14,14,14,0.05,30,3650,1,1,0.02,1,30,1095,1185,vaccine,0.6519230769230768,2.5,1000,35,75,565,0.091,0.021,0.44,5,0.8692307692307691,0.44,1,1,2,0.6519230769230768,undefined,222
0,0,0,1,1,scenario1,3.5,3650,HIC,1000000,Absent,0.25,10,14,14,14,14,0.05,30,3650,1,1,0.02,1,30,1095,1185,vaccine,0.6519230769230768,2.5,1000,35,75,565,0.091,0.021,0.44,5,0.8692307692307691,0.44,1,1,3,0.6519230769230768,undefined,223
0,0,0,1,1,scenario1,3.5,3650,HIC,1000000,Absent,0.25,10,14,14,14,14,0.05,30,3650,1,1,0.02,1,30,1095,1185,vaccine,0.6519230769230768,2.5,1000,35,75,565,0.091,0.021,0.44,5,0.8692307692307691,0.44,1,1,4,0.6519230769230768,undefined,224
0,0,0,1,1,scenario1,3.5,3650,HIC,1000000,Absent,0.25,10,14,14,14,14,0.05,30,3650,1,1,0.02,1,30,1095,1185,vaccine,0.6519230769230768,2.5,1000,35,75,565,0.091,0.021,0.44,5,0.8692307692307691,0.44,1,1,5,0.6519230769230768,undefined,225
0,0,0,1,1,scenario1,3.5,3650,HIC,1000000,Absent,0.25,10,14,14,14,14,0.05,30,3650,1,1,0.04,1,30,1095,1185,vaccine,0.6519230769230768,2.5,1000,35,75,565,0.091,0.021,0.44,5,0.43461538461538457,0.44,1,1,1,0.6519230769230768,undefined,226
0,0,0,1,1,scenario1,3.5,3650,HIC,1000000,Absent,0.25,10,14,14,14,14,0.05,30,3650,1,1,0.04,1,30,1095,1185,vaccine,0.6519230769230768,2.5,1000,35,75,565,0.091,0.021,0.44,5,0.43461538461538457,0.44,1,1,2,0.6519230769230768,undefined,227
0,0,0,1,1,scenario1,3.5,3650,HIC,1000000,Absent,0.25,10,14,14,14,14,0.05,30,3650,1,1,0.04,1,30,1095,1185,vaccine,0.6519230769230768,2.5,1000,35,75,565,0.091,0.021,0.44,5,0.43461538461538457,0.44,1,1,3,0.6519230769230768,undefined,228
0,0,0,1,1,scenario1,3.5,3650,HIC,1000000,Absent,0.25,10,14,14,14,14,0.05,30,3650,1,1,0.04,1,30,1095,1185,vaccine,0.6519230769230768,2.5,1000,35,75,565,0.091,0.021,0.44,5,0.43461538461538457,0.44,1,1,4,0.6519230769230768,undefined,229
0,0,0,1,1,scenario1,3.5,3650,HIC,1000000,Absent,0.25,10,14,14,14,14,0.05,30,3650,1,1,0.04,1,30,1095,1185,vaccine,0.6519230769230768,2.5,1000,35,75,565,0.091,0.021,0.44,5,0.43461538461538457,0.44,1,1,5,0.6519230769230768,undefined,230
0,0,0,1,1,scenario1,3.5,3650,HIC,1000000,Absent,0.25,10,14,14,14,14,0.05,30,3650,1,1,0.04,1,30,1095,1185,vaccine,0.6519230769230768,2.5,1000,35,75,565,0.091,0.021,0.44,5,0.5432692307692307,0.44,1,1,1,0.6519230769230768,undefined,231
0,0,0,1,1,scenario1,3.5,3650,HIC,1000000,Absent,0.25,10,14,14,14,14,0.05,30,3650,1,1,0.04,1,30,1095,1185,vaccine,0.6519230769230768,2.5,1000,35,75,565,0.091,0.021,0.44,5,0.5432692307692307,0.44,1,1,2,0.6519230769230768,undefined,232
0,0,0,1,1,scenario1,3.5,3650,HIC,1000000,Absent,0.25,10,14,14,14,14,0.05,30,3650,1,1,0.04,1,30,1095,1185,vaccine,0.6519230769230768,2.5,1000,35,75,565,0.091,0.021,0.44,5,0.5432692307692307,0.44,1,1,3,0.6519230769230768,undefined,233
0,0,0,1,1,scenario1,3.5,3650,HIC,1000000,Absent,0.25,10,14,14,14,14,0.05,30,3650,1,1,0.04,1,30,1095,1185,vaccine,0.6519230769230768,2.5,1000,35,75,565,0.091,0.021,0.44,5,0.5432692307692307,0.44,1,1,4,0.6519230769230768,undefined,234
0,0,0,1,1,scenario1,3.5,3650,HIC,1000000,Absent,0.25,10,14,14,14,14,0.05,30,3650,1,1,0.04,1,30,1095,1185,vaccine,0.6519230769230768,2.5,1000,35,75,565,0.091,0.021,0.44,5,0.5432692307692307,0.44,1,1,5,0.6519230769230768,undefined,235
0,0,0,1,1,scenario1,3.5,3650,HIC,1000000,Absent,0.25,10,14,14,14,14,0.05,30,3650,1,1,0.04,1,30,1095,1185,vaccine,0.6519230769230768,2.5,1000,35,75,565,0.091,0.021,0.44,5,0.6519230769230768,0.44,1,1,1,0.6519230769230768,undefined,236
0,0,0,1,1,scenario1,3.5,3650,HIC,1000000,Absent,0.25,10,14,14,14,14,0.05,30,3650,1,1,0.04,1,30,1095,1185,vaccine,0.6519230769230768,2.5,1000,35,75,565,0.091,0.021,0.44,5,0.6519230769230768,0.44,1,1,2,0.6519230769230768,undefined,237
0,0,0,1,1,scenario1,3.5,3650,HIC,1000000,Absent,0.25,10,14,14,14,14,0.05,30,3650,1,1,0.04,1,30,1095,1185,vaccine,0.6519230769230768,2.5,1000,35,75,565,0.091,0.021,0.44,5,0.6519230769230768,0.44,1,1,3,0.6519230769230768,undefined,238
0,0,0,1,1,scenario1,3.5,3650,HIC,1000000,Absent,0.25,10,14,14,14,14,0.05,30,3650,1,1,0.04,1,30,1095,1185,vaccine,0.6519230769230768,2.5,1000,35,75,565,0.091,0.021,0.44,5,0.6519230769230768,0.44,1,1,4,0.6519230769230768,undefined,239
0,0,0,1,1,scenario1,3.5,3650,HIC,1000000,Absent,0.25,10,14,14,14,14,0.05,30,3650,1,1,0.04,1,30,1095,1185,vaccine,0.6519230769230768,2.5,1000,35,75,565,0.091,0.021,0.44,5,0.6519230769230768,0.44,1,1,5,0.6519230769230768,undefined,240
0,0,0,1,1,scenario1,3.5,3650,HIC,1000000,Absent,0.25,10,14,14,14,14,0.05,30,3650,1,1,0.04,1,30,1095,1185,vaccine,0.6519230769230768,2.5,1000,35,75,565,0.091,0.021,0.44,5,0.760576923076923,0.44,1,1,1,0.6519230769230768,undefined,241
0,0,0,1,1,scenario1,3.5,3650,HIC,1000000,Absent,0.25,10,14,14,14,14,0.05,30,3650,1,1,0.04,1,30,1095,1185,vaccine,0.6519230769230768,2.5,1000,35,75,565,0.091,0.021,0.44,5,0.760576923076923,0.44,1,1,2,0.6519230769230768,undefined,242
0,0,0,1,1,scenario1,3.5,3650,HIC,1000000,Absent,0.25,10,14,14,14,14,0.05,30,3650,1,1,0.04,1,30,1095,1185,vaccine,0.6519230769230768,2.5,1000,35,75,565,0.091,0.021,0.44,5,0.760576923076923,0.44,1,1,3,0.6519230769230768,undefined,243
0,0,0,1,1,scenario1,3.5,3650,HIC,1000000,Absent,0.25,10,14,14,14,14,0.05,30,3650,1,1,0.04,1,30,1095,1185,vaccine,0.6519230769230768,2.5,1000,35,75,565,0.091,0.021,0.44,5,0.760576923076923,0.44,1,1,4,0.6519230769230768,undefined,244
0,0,0,1,1,scenario1,3.5,3650,HIC,1000000,Absent,0.25,10,14,14,14,14,0.05,30,3650,1,1,0.04,1,30,1095,1185,vaccine,0.6519230769230768,2.5,1000,35,75,565,0.091,0.021,0.44,5,0.760576923076923,0.44,1,1,5,0.6519230769230768,undefined,245
0,0,0,1,1,scenario1,3.5,3650,HIC,1000000,Absent,0.25,10,14,14,14,14,0.05,30,3650,1,1,0.04,1,30,1095,1185,vaccine,0.6519230769230768,2.5,1000,35,75,565,0.091,0.021,0.44,5,0.8692307692307691,0.44,1,1,1,0.6519230769230768,undefined,246
0,0,0,1,1,scenario1,3.5,3650,HIC,1000000,Absent,0.25,10,14,14,14,14,0.05,30,3650,1,1,0.04,1,30,1095,1185,vaccine,0.6519230769230768,2.5,1000,35,75,565,0.091,0.021,0.44,5,0.8692307692307691,0.44,1,1,2,0.6519230769230768,undefined,247
0,0,0,1,1,scenario1,3.5,3650,HIC,1000000,Absent,0.25,10,14,14,14,14,0.05,30,3650,1,1,0.04,1,30,1095,1185,vaccine,0.6519230769230768,2.5,1000,35,75,565,0.091,0.021,0.44,5,0.8692307692307691,0.44,1,1,3,0.6519230769230768,undefined,248
0,0,0,1,1,scenario1,3.5,3650,HIC,1000000,Absent,0.25,10,14,14,14,14,0.05,30,3650,1,1,0.04,1,30,1095,1185,vaccine,0.6519230769230768,2.5,1000,35,75,565,0.091,0.021,0.44,5,0.8692307692307691,0.44,1,1,4,0.6519230769230768,undefined,249
0,0,0,1,1,scenario1,3.5,3650,HIC,1000000,Absent,0.25,10,14,14,14,14,0.05,30,3650,1,1,0.04,1,30,1095,1185,vaccine,0.6519230769230768,2.5,1000,35,75,565,0.091,0.021,0.44,5,0.8692307692307691,0.44,1,1,5,0.6519230769230768,undefined,250
0,0,0,1,1,scenario1,3.5,3650,HIC,1000000,Absent,0.25,10,14,14,14,14,0.05,30,3650,1,1,0.06,1,30,1095,1185,vaccine,0.6519230769230768,2.5,1000,35,75,565,0.091,0.021,0.44,5,0.43461538461538457,0.44,1,1,1,0.6519230769230768,undefined,251
0,0,0,1,1,scenario1,3.5,3650,HIC,1000000,Absent,0.25,10,14,14,14,14,0.05,30,3650,1,1,0.06,1,30,1095,1185,vaccine,0.6519230769230768,2.5,1000,35,75,565,0.091,0.021,0.44,5,0.43461538461538457,0.44,1,1,2,0.6519230769230768,undefined,252
0,0,0,1,1,scenario1,3.5,3650,HIC,1000000,Absent,0.25,10,14,14,14,14,0.05,30,3650,1,1,0.06,1,30,1095,1185,vaccine,0.6519230769230768,2.5,1000,35,75,565,0.091,0.021,0.44,5,0.43461538461538457,0.44,1,1,3,0.6519230769230768,undefined,253
0,0,0,1,1,scenario1,3.5,3650,HIC,1000000,Absent,0.25,10,14,14,14,14,0.05,30,3650,1,1,0.06,1,30,1095,1185,vaccine,0.6519230769230768,2.5,1000,35,75,565,0.091,0.021,0.44,5,0.43461538461538457,0.44,1,1,4,0.6519230769230768,undefined,254
0,0,0,1,1,scenario1,3.5,3650,HIC,1000000,Absent,0.25,10,14,14,14,14,0.05,30,3650,1,1,0.06,1,30,1095,1185,vaccine,0.6519230769230768,2.5,1000,35,75,565,0.091,0.021,0.44,5,0.43461538461538457,0.44,1,1,5,0.6519230769230768,undefined,255
0,0,0,1,1,scenario1,3.5,3650,HIC,1000000,Absent,0.25,10,14,14,14,14,0.05,30,3650,1,1,0.06,1,30,1095,1185,vaccine,0.6519230769230768,2.5,1000,35,75,565,0.091,0.021,0.44,5,0.5432692307692307,0.44,1,1,1,0.6519230769230768,undefined,256
0,0,0,1,1,scenario1,3.5,3650,HIC,1000000,Absent,0.25,10,14,14,14,14,0.05,30,3650,1,1,0.06,1,30,1095,1185,vaccine,0.6519230769230768,2.5,1000,35,75,565,0.091,0.021,0.44,5,0.5432692307692307,0.44,1,1,2,0.6519230769230768,undefined,257
0,0,0,1,1,scenario1,3.5,3650,HIC,1000000,Absent,0.25,10,14,14,14,14,0.05,30,3650,1,1,0.06,1,30,1095,1185,vaccine,0.6519230769230768,2.5,1000,35,75,565,0.091,0.021,0.44,5,0.5432692307692307,0.44,1,1,3,0.6519230769230768,undefined,258
0,0,0,1,1,scenario1,3.5,3650,HIC,1000000,Absent,0.25,10,14,14,14,14,0.05,30,3650,1,1,0.06,1,30,1095,1185,vaccine,0.6519230769230768,2.5,1000,35,75,565,0.091,0.021,0.44,5,0.5432692307692307,0.44,1,1,4,0.6519230769230768,undefined,259
0,0,0,1,1,scenario1,3.5,3650,HIC,1000000,Absent,0.25,10,14,14,14,14,0.05,30,3650,1,1,0.06,1,30,1095,1185,vaccine,0.6519230769230768,2.5,1000,35,75,565,0.091,0.021,0.44,5,0.5432692307692307,0.44,1,1,5,0.6519230769230768,undefined,260
0,0,0,1,1,scenario1,3.5,3650,HIC,1000000,Absent,0.25,10,14,14,14,14,0.05,30,3650,1,1,0.06,1,30,1095,1185,vaccine,0.6519230769230768,2.5,1000,35,75,565,0.091,0.021,0.44,5,0.6519230769230768,0.44,1,1,1,0.6519230769230768,undefined,261
0,0,0,1,1,scenario1,3.5,3650,HIC,1000000,Absent,0.25,10,14,14,14,14,0.05,30,3650,1,1,0.06,1,30,1095,1185,vaccine,0.6519230769230768,2.5,1000,35,75,565,0.091,0.021,0.44,5,0.6519230769230768,0.44,1,1,2,0.6519230769230768,undefined,262
0,0,0,1,1,scenario1,3.5,3650,HIC,1000000,Absent,0.25,10,14,14,14,14,0.05,30,3650,1,1,0.06,1,30,1095,1185,vaccine,0.6519230769230768,2.5,1000,35,75,565,0.091,0.021,0.44,5,0.6519230769230768,0.44,1,1,3,0.6519230769230768,undefined,263
0,0,0,1,1,scenario1,3.5,3650,HIC,1000000,Absent,0.25,10,14,14,14,14,0.05,30,3650,1,1,0.06,1,30,1095,1185,vaccine,0.6519230769230768,2.5,1000,35,75,565,0.091,0.021,0.44,5,0.6519230769230768,0.44,1,1,4,0.6519230769230768,undefined,264
0,0,0,1,1,scenario1,3.5,3650,HIC,1000000,Absent,0.25,10,14,14,14,14,0.05,30,3650,1,1,0.06,1,30,1095,1185,vaccine,0.6519230769230768,2.5,1000,35,75,565,0.091,0.021,0.44,5,0.6519230769230768,0.44,1,1,5,0.6519230769230768,undefined,265
0,0,0,1,1,scenario1,3.5,3650,HIC,1000000,Absent,0.25,10,14,14,14,14,0.05,30,3650,1,1,0.06,1,30,1095,1185,vaccine,0.6519230769230768,2.5,1000,35,75,565,0.091,0.021,0.44,5,0.760576923076923,0.44,1,1,1,0.6519230769230768,undefined,266
0,0,0,1,1,scenario1,3.5,3650,HIC,1000000,Absent,0.25,10,14,14,14,14,0.05,30,3650,1,1,0.06,1,30,1095,1185,vaccine,0.6519230769230768,2.5,1000,35,75,565,0.091,0.021,0.44,5,0.760576923076923,0.44,1,1,2,0.6519230769230768,undefined,267
0,0,0,1,1,scenario1,3.5,3650,HIC,1000000,Absent,0.25,10,14,14,14,14,0.05,30,3650,1,1,0.06,1,30,1095,1185,vaccine,0.6519230769230768,2.5,1000,35,75,565,0.091,0.021,0.44,5,0.760576923076923,0.44,1,1,3,0.6519230769230768,undefined,268
0,0,0,1,1,scenario1,3.5,3650,HIC,1000000,Absent,0.25,10,14,14,14,14,0.05,30,3650,1,1,0.06,1,30,1095,1185,vaccine,0.6519230769230768,2.5,1000,35,75,565,0.091,0.021,0.44,5,0.760576923076923,0.44,1,1,4,0.6519230769230768,undefined,269
0,0,0,1,1,scenario1,3.5,3650,HIC,1000000,Absent,0.25,10,14,14,14,14,0.05,30,3650,1,1,0.06,1,30,1095,1185,vaccine,0.6519230769230768,2.5,1000,35,75,565,0.091,0.021,0.44,5,0.760576923076923,0.44,1,1,5,0.6519230769230768,undefined,270
0,0,0,1,1,scenario1,3.5,3650,HIC,1000000,Absent,0.25,10,14,14,14,14,0.05,30,3650,1,1,0.06,1,30,1095,1185,vaccine,0.6519230769230768,2.5,1000,35,75,565,0.091,0.021,0.44,5,0.8692307692307691,0.44,1,1,1,0.6519230769230768,undefined,271
0,0,0,1,1,scenario1,3.5,3650,HIC,1000000,Absent,0.25,10,14,14,14,14,0.05,30,3650,1,1,0.06,1,30,1095,1185,vaccine,0.6519230769230768,2.5,1000,35,75,565,0.091,0.021,0.44,5,0.8692307692307691,0.44,1,1,2,0.6519230769230768,undefined,272
0,0,0,1,1,scenario1,3.5,3650,HIC,1000000,Absent,0.25,10,14,14,14,14,0.05,30,3650,1,1,0.06,1,30,1095,1185,vaccine,0.6519230769230768,2.5,1000,35,75,565,0.091,0.021,0.44,5,0.8692307692307691,0.44,1,1,3,0.6519230769230768,undefined,273
0,0,0,1,1,scenario1,3.5,3650,HIC,1000000,Absent,0.25,10,14,14,14,14,0.05,30,3650,1,1,0.06,1,30,1095,1185,vaccine,0.6519230769230768,2.5,1000,35,75,565,0.091,0.021,0.44,5,0.8692307692307691,0.44,1,1,4,0.6519230769230768,undefined,274
0,0,0,1,1,scenario1,3.5,3650,HIC,1000000,Absent,0.25,10,14,14,14,14,0.05,30,3650,1,1,0.06,1,30,1095,1185,vaccine,0.6519230769230768,2.5,1000,35,75,565,0.091,0.021,0.44,5,0.8692307692307691,0.44,1,1,5,0.6519230769230768,undefined,275
0,0,0,1,1,scenario1,3.5,3650,HIC,1000000,Absent,0.25,10,14,14,14,14,0.05,30,3650,1,1,0.08,1,30,1095,1185,vaccine,0.6519230769230768,2.5,1000,35,75,565,0.091,0.021,0.44,5,0.43461538461538457,0.44,1,1,1,0.6519230769230768,undefined,276
0,0,0,1,1,scenario1,3.5,3650,HIC,1000000,Absent,0.25,10,14,14,14,14,0.05,30,3650,1,1,0.08,1,30,1095,1185,vaccine,0.6519230769230768,2.5,1000,35,75,565,0.091,0.021,0.44,5,0.43461538461538457,0.44,1,1,2,0.6519230769230768,undefined,277
0,0,0,1,1,scenario1,3.5,3650,HIC,1000000,Absent,0.25,10,14,14,14,14,0.05,30,3650,1,1,0.08,1,30,1095,1185,vaccine,0.6519230769230768,2.5,1000,35,75,565,0.091,0.021,0.44,5,0.43461538461538457,0.44,1,1,3,0.6519230769230768,undefined,278
0,0,0,1,1,scenario1,3.5,3650,HIC,1000000,Absent,0.25,10,14,14,14,14,0.05,30,3650,1,1,0.08,1,30,1095,1185,vaccine,0.6519230769230768,2.5,1000,35,75,565,0.091,0.021,0.44,5,0.43461538461538457,0.44,1,1,4,0.6519230769230768,undefined,279
0,0,0,1,1,scenario1,3.5,3650,HIC,1000000,Absent,0.25,10,14,14,14,14,0.05,30,3650,1,1,0.08,1,30,1095,1185,vaccine,0.6519230769230768,2.5,1000,35,75,565,0.091,0.021,0.44,5,0.43461538461538457,0.44,1,1,5,0.6519230769230768,undefined,280
0,0,0,1,1,scenario1,3.5,3650,HIC,1000000,Absent,0.25,10,14,14,14,14,0.05,30,3650,1,1,0.08,1,30,1095,1185,vaccine,0.6519230769230768,2.5,1000,35,75,565,0.091,0.021,0.44,5,0.5432692307692307,0.44,1,1,1,0.6519230769230768,undefined,281
0,0,0,1,1,scenario1,3.5,3650,HIC,1000000,Absent,0.25,10,14,14,14,14,0.05,30,3650,1,1,0.08,1,30,1095,1185,vaccine,0.6519230769230768,2.5,1000,35,75,565,0.091,0.021,0.44,5,0.5432692307692307,0.44,1,1,2,0.6519230769230768,undefined,282
0,0,0,1,1,scenario1,3.5,3650,HIC,1000000,Absent,0.25,10,14,14,14,14,0.05,30,3650,1,1,0.08,1,30,1095,1185,vaccine,0.6519230769230768,2.5,1000,35,75,565,0.091,0.021,0.44,5,0.5432692307692307,0.44,1,1,3,0.6519230769230768,undefined,283
0,0,0,1,1,scenario1,3.5,3650,HIC,1000000,Absent,0.25,10,14,14,14,14,0.05,30,3650,1,1,0.08,1,30,1095,1185,vaccine,0.6519230769230768,2.5,1000,35,75,565,0.091,0.021,0.44,5,0.5432692307692307,0.44,1,1,4,0.6519230769230768,undefined,284
0,0,0,1,1,scenario1,3.5,3650,HIC,1000000,Absent,0.25,10,14,14,14,14,0.05,30,3650,1,1,0.08,1,30,1095,1185,vaccine,0.6519230769230768,2.5,1000,35,75,565,0.091,0.021,0.44,5,0.5432692307692307,0.44,1,1,5,0.6519230769230768,undefined,285
0,0,0,1,1,scenario1,3.5,3650,HIC,1000000,Absent,0.25,10,14,14,14,14,0.05,30,3650,1,1,0.08,1,30,1095,1185,vaccine,0.6519230769230768,2.5,1000,35,75,565,0.091,0.021,0.44,5,0.6519230769230768,0.44,1,1,1,0.6519230769230768,undefined,286
0,0,0,1,1,scenario1,3.5,3650,HIC,1000000,Absent,0.25,10,14,14,14,14,0.05,30,3650,1,1,0.08,1,30,1095,1185,vaccine,0.6519230769230768,2.5,1000,35,75,565,0.091,0.021,0.44,5,0.6519230769230768,0.44,1,1,2,0.6519230769230768,undefined,287
0,0,0,1,1,scenario1,3.5,3650,HIC,1000000,Absent,0.25,10,14,14,14,14,0.05,30,3650,1,1,0.08,1,30,1095,1185,vaccine,0.6519230769230768,2.5,1000,35,75,565,0.091,0.021,0.44,5,0.6519230769230768,0.44,1,1,3,0.6519230769230768,undefined,288
0,0,0,1,1,scenario1,3.5,3650,HIC,1000000,Absent,0.25,10,14,14,14,14,0.05,30,3650,1,1,0.08,1,30,1095,1185,vaccine,0.6519230769230768,2.5,1000,35,75,565,0.091,0.021,0.44,5,0.6519230769230768,0.44,1,1,4,0.6519230769230768,undefined,289
0,0,0,1,1,scenario1,3.5,3650,HIC,1000000,Absent,0.25,10,14,14,14,14,0.05,30,3650,1,1,0.08,1,30,1095,1185,vaccine,0.6519230769230768,2.5,1000,35,75,565,0.091,0.021,0.44,5,0.6519230769230768,0.44,1,1,5,0.6519230769230768,undefined,290
0,0,0,1,1,scenario1,3.5,3650,HIC,1000000,Absent,0.25,10,14,14,14,14,0.05,30,3650,1,1,0.08,1,30,1095,1185,vaccine,0.6519230769230768,2.5,1000,35,75,565,0.091,0.021,0.44,5,0.760576923076923,0.44,1,1,1,0.6519230769230768,undefined,291
0,0,0,1,1,scenario1,3.5,3650,HIC,1000000,Absent,0.25,10,14,14,14,14,0.05,30,3650,1,1,0.08,1,30,1095,1185,vaccine,0.6519230769230768,2.5,1000,35,75,565,0.091,0.021,0.44,5,0.760576923076923,0.44,1,1,2,0.6519230769230768,undefined,292
0,0,0,1,1,scenario1,3.5,3650,HIC,1000000,Absent,0.25,10,14,14,14,14,0.05,30,3650,1,1,0.08,1,30,1095,1185,vaccine,0.6519230769230768,2.5,1000,35,75,565,0.091,0.021,0.44,5,0.760576923076923,0.44,1,1,3,0.6519230769230768,undefined,293
0,0,0,1,1,scenario1,3.5,3650,HIC,1000000,Absent,0.25,10,14,14,14,14,0.05,30,3650,1,1,0.08,1,30,1095,1185,vaccine,0.6519230769230768,2.5,1000,35,75,565,0.091,0.021,0.44,5,0.760576923076923,0.44,1,1,4,0.6519230769230768,undefined,294
0,0,0,1,1,scenario1,3.5,3650,HIC,1000000,Absent,0.25,10,14,14,14,14,0.05,30,3650,1,1,0.08,1,30,1095,1185,vaccine,0.6519230769230768,2.5,1000,35,75,565,0.091,0.021,0.44,5,0.760576923076923,0.44,1,1,5,0.6519230769230768,undefined,295
0,0,0,1,1,scenario1,3.5,3650,HIC,1000000,Absent,0.25,10,14,14,14,14,0.05,30,3650,1,1,0.08,1,30,1095,1185,vaccine,0.6519230769230768,2.5,1000,35,75,565,0.091,0.021,0.44,5,0.8692307692307691,0.44,1,1,1,0.6519230769230768,undefined,296
0,0,0,1,1,scenario1,3.5,3650,HIC,1000000,Absent,0.25,10,14,14,14,14,0.05,30,3650,1,1,0.08,1,30,1095,1185,vaccine,0.6519230769230768,2.5,1000,35,75,565,0.091,0.021,0.44,5,0.8692307692307691,0.44,1,1,2,0.6519230769230768,undefined,297
0,0,0,1,1,scenario1,3.5,3650,HIC,1000000,Absent,0.25,10,14,14,14,14,0.05,30,3650,1,1,0.08,1,30,1095,1185,vaccine,0.6519230769230768,2.5,1000,35,75,565,0.091,0.021,0.44,5,0.8692307692307691,0.44,1,1,3,0.6519230769230768,undefined,298
0,0,0,1,1,scenario1,3.5,3650,HIC,1000000,Absent,0.25,10,14,14,14,14,0.05,30,3650,1,1,0.08,1,30,1095,1185,vaccine,0.6519230769230768,2.5,1000,35,75,565,0.091,0.021,0.44,5,0.8692307692307691,0.44,1,1,4,0.6519230769230768,undefined,299
0,0,0,1,1,scenario1,3.5,3650,HIC,1000000,Absent,0.25,10,14,14,14,14,0.05,30,3650,1,1,0.08,1,30,1095,1185,vaccine,0.6519230769230768,2.5,1000,35,75,565,0.091,0.021,0.44,5,0.8692307692307691,0.44,1,1,5,0.6519230769230768,undefined,300
0,0,0,1,1,scenario1,4,3650,HIC,1000000,Absent,0.25,10,14,14,14,14,0.05,30,3650,1,1,0.02,1,30,1095,1185,vaccine,0.6519230769230768,2.5,1000,35,75,565,0.091,0.021,0.44,5,0.43461538461538457,0.44,1,1,1,0.6519230769230768,undefined,301
0,0,0,1,1,scenario1,4,3650,HIC,1000000,Absent,0.25,10,14,14,14,14,0.05,30,3650,1,1,0.02,1,30,1095,1185,vaccine,0.6519230769230768,2.5,1000,35,75,565,0.091,0.021,0.44,5,0.43461538461538457,0.44,1,1,2,0.6519230769230768,undefined,302
0,0,0,1,1,scenario1,4,3650,HIC,1000000,Absent,0.25,10,14,14,14,14,0.05,30,3650,1,1,0.02,1,30,1095,1185,vaccine,0.6519230769230768,2.5,1000,35,75,565,0.091,0.021,0.44,5,0.43461538461538457,0.44,1,1,3,0.6519230769230768,undefined,303
0,0,0,1,1,scenario1,4,3650,HIC,1000000,Absent,0.25,10,14,14,14,14,0.05,30,3650,1,1,0.02,1,30,1095,1185,vaccine,0.6519230769230768,2.5,1000,35,75,565,0.091,0.021,0.44,5,0.43461538461538457,0.44,1,1,4,0.6519230769230768,undefined,304
0,0,0,1,1,scenario1,4,3650,HIC,1000000,Absent,0.25,10,14,14,14,14,0.05,30,3650,1,1,0.02,1,30,1095,1185,vaccine,0.6519230769230768,2.5,1000,35,75,565,0.091,0.021,0.44,5,0.43461538461538457,0.44,1,1,5,0.6519230769230768,undefined,305
0,0,0,1,1,scenario1,4,3650,HIC,1000000,Absent,0.25,10,14,14,14,14,0.05,30,3650,1,1,0.02,1,30,1095,1185,vaccine,0.6519230769230768,2.5,1000,35,75,565,0.091,0.021,0.44,5,0.5432692307692307,0.44,1,1,1,0.6519230769230768,undefined,306
0,0,0,1,1,scenario1,4,3650,HIC,1000000,Absent,0.25,10,14,14,14,14,0.05,30,3650,1,1,0.02,1,30,1095,1185,vaccine,0.6519230769230768,2.5,1000,35,75,565,0.091,0.021,0.44,5,0.5432692307692307,0.44,1,1,2,0.6519230769230768,undefined,307
0,0,0,1,1,scenario1,4,3650,HIC,1000000,Absent,0.25,10,14,14,14,14,0.05,30,3650,1,1,0.02,1,30,1095,1185,vaccine,0.6519230769230768,2.5,1000,35,75,565,0.091,0.021,0.44,5,0.5432692307692307,0.44,1,1,3,0.6519230769230768,undefined,308
0,0,0,1,1,scenario1,4,3650,HIC,1000000,Absent,0.25,10,14,14,14,14,0.05,30,3650,1,1,0.02,1,30,1095,1185,vaccine,0.6519230769230768,2.5,1000,35,75,565,0.091,0.021,0.44,5,0.5432692307692307,0.44,1,1,4,0.6519230769230768,undefined,309
0,0,0,1,1,scenario1,4,3650,HIC,1000000,Absent,0.25,10,14,14,14,14,0.05,30,3650,1,1,0.02,1,30,1095,1185,vaccine,0.6519230769230768,2.5,1000,35,75,565,0.091,0.021,0.44,5,0.5432692307692307,0.44,1,1,5,0.6519230769230768,undefined,310
0,0,0,1,1,scenario1,4,3650,HIC,1000000,Absent,0.25,10,14,14,14,14,0.05,30,3650,1,1,0.02,1,30,1095,1185,vaccine,0.6519230769230768,2.5,1000,35,75,565,0.091,0.021,0.44,5,0.6519230769230768,0.44,1,1,1,0.6519230769230768,undefined,311
0,0,0,1,1,scenario1,4,3650,HIC,1000000,Absent,0.25,10,14,14,14,14,0.05,30,3650,1,1,0.02,1,30,1095,1185,vaccine,0.6519230769230768,2.5,1000,35,75,565,0.091,0.021,0.44,5,0.6519230769230768,0.44,1,1,2,0.6519230769230768,undefined,312
0,0,0,1,1,scenario1,4,3650,HIC,1000000,Absent,0.25,10,14,14,14,14,0.05,30,3650,1,1,0.02,1,30,1095,1185,vaccine,0.6519230769230768,2.5,1000,35,75,565,0.091,0.021,0.44,5,0.6519230769230768,0.44,1,1,3,0.6519230769230768,undefined,313
0,0,0,1,1,scenario1,4,3650,HIC,1000000,Absent,0.25,10,14,14,14,14,0.05,30,3650,1,1,0.02,1,30,1095,1185,vaccine,0.6519230769230768,2.5,1000,35,75,565,0.091,0.021,0.44,5,0.6519230769230768,0.44,1,1,4,0.6519230769230768,undefined,314
0,0,0,1,1,scenario1,4,3650,HIC,1000000,Absent,0.25,10,14,14,14,14,0.05,30,3650,1,1,0.02,1,30,1095,1185,vaccine,0.6519230769230768,2.5,1000,35,75,565,0.091,0.021,0.44,5,0.6519230769230768,0.44,1,1,5,0.6519230769230768,undefined,315
0,0,0,1,1,scenario1,4,3650,HIC,1000000,Absent,0.25,10,14,14,14,14,0.05,30,3650,1,1,0.02,1,30,1095,1185,vaccine,0.6519230769230768,2.5,1000,35,75,565,0.091,0.021,0.44,5,0.760576923076923,0.44,1,1,1,0.6519230769230768,undefined,316
0,0,0,1,1,scenario1,4,3650,HIC,1000000,Absent,0.25,10,14,14,14,14,0.05,30,3650,1,1,0.02,1,30,1095,1185,vaccine,0.6519230769230768,2.5,1000,35,75,565,0.091,0.021,0.44,5,0.760576923076923,0.44,1,1,2,0.6519230769230768,undefined,317
0,0,0,1,1,scenario1,4,3650,HIC,1000000,Absent,0.25,10,14,14,14,14,0.05,30,3650,1,1,0.02,1,30,1095,1185,vaccine,0.6519230769230768,2.5,1000,35,75,565,0.091,0.021,0.44,5,0.760576923076923,0.44,1,1,3,0.6519230769230768,undefined,318
0,0,0,1,1,scenario1,4,3650,HIC,1000000,Absent,0.25,10,14,14,14,14,0.05,30,3650,1,1,0.02,1,30,1095,1185,vaccine,0.6519230769230768,2.5,1000,35,75,565,0.091,0.021,0.44,5,0.760576923076923,0.44,1,1,4,0.6519230769230768,undefined,319
0,0,0,1,1,scenario1,4,3650,HIC,1000000,Absent,0.25,10,14,14,14,14,0.05,30,3650,1,1,0.02,1,30,1095,1185,vaccine,0.6519230769230768,2.5,1000,35,75,565,0.091,0.021,0.44,5,0.760576923076923,0.44,1,1,5,0.6519230769230768,undefined,320
0,0,0,1,1,scenario1,4,3650,HIC,1000000,Absent,0.25,10,14,14,14,14,0.05,30,3650,1,1,0.02,1,30,1095,1185,vaccine,0.6519230769230768,2.5,1000,35,75,565,0.091,0.021,0.44,5,0.8692307692307691,0.44,1,1,1,0.6519230769230768,undefined,321
0,0,0,1,1,scenario1,4,3650,HIC,1000000,Absent,0.25,10,14,14,14,14,0.05,30,3650,1,1,0.02,1,30,1095,1185,vaccine,0.6519230769230768,2.5,1000,35,75,565,0.091,0.021,0.44,5,0.8692307692307691,0.44,1,1,2,0.6519230769230768,undefined,322
0,0,0,1,1,scenario1,4,3650,HIC,1000000,Absent,0.25,10,14,14,14,14,0.05,30,3650,1,1,0.02,1,30,1095,1185,vaccine,0.6519230769230768,2.5,1000,35,75,565,0.091,0.021,0.44,5,0.8692307692307691,0.44,1,1,3,0.6519230769230768,undefined,323
0,0,0,1,1,scenario1,4,3650,HIC,1000000,Absent,0.25,10,14,14,14,14,0.05,30,3650,1,1,0.02,1,30,1095,1185,vaccine,0.6519230769230768,2.5,1000,35,75,565,0.091,0.021,0.44,5,0.8692307692307691,0.44,1,1,4,0.6519230769230768,undefined,324
0,0,0,1,1,scenario1,4,3650,HIC,1000000,Absent,0.25,10,14,14,14,14,0.05,30,3650,1,1,0.02,1,30,1095,1185,vaccine,0.6519230769230768,2.5,1000,35,75,565,0.091,0.021,0.44,5,0.8692307692307691,0.44,1,1,5,0.6519230769230768,undefined,325
0,0,0,1,1,scenario1,4,3650,HIC,1000000,Absent,0.25,10,14,14,14,14,0.05,30,3650,1,1,0.04,1,30,1095,1185,vaccine,0.6519230769230768,2.5,1000,35,75,565,0.091,0.021,0.44,5,0.43461538461538457,0.44,1,1,1,0.6519230769230768,undefined,326
0,0,0,1,1,scenario1,4,3650,HIC,1000000,Absent,0.25,10,14,14,14,14,0.05,30,3650,1,1,0.04,1,30,1095,1185,vaccine,0.6519230769230768,2.5,1000,35,75,565,0.091,0.021,0.44,5,0.43461538461538457,0.44,1,1,2,0.6519230769230768,undefined,327
0,0,0,1,1,scenario1,4,3650,HIC,1000000,Absent,0.25,10,14,14,14,14,0.05,30,3650,1,1,0.04,1,30,1095,1185,vaccine,0.6519230769230768,2.5,1000,35,75,565,0.091,0.021,0.44,5,0.43461538461538457,0.44,1,1,3,0.6519230769230768,undefined,328
0,0,0,1,1,scenario1,4,3650,HIC,1000000,Absent,0.25,10,14,14,14,14,0.05,30,3650,1,1,0.04,1,30,1095,1185,vaccine,0.6519230769230768,2.5,1000,35,75,565,0.091,0.021,0.44,5,0.43461538461538457,0.44,1,1,4,0.6519230769230768,undefined,329
0,0,0,1,1,scenario1,4,3650,HIC,1000000,Absent,0.25,10,14,14,14,14,0.05,30,3650,1,1,0.04,1,30,1095,1185,vaccine,0.6519230769230768,2.5,1000,35,75,565,0.091,0.021,0.44,5,0.43461538461538457,0.44,1,1,5,0.6519230769230768,undefined,330
0,0,0,1,1,scenario1,4,3650,HIC,1000000,Absent,0.25,10,14,14,14,14,0.05,30,3650,1,1,0.04,1,30,1095,1185,vaccine,0.6519230769230768,2.5,1000,35,75,565,0.091,0.021,0.44,5,0.5432692307692307,0.44,1,1,1,0.6519230769230768,undefined,331
0,0,0,1,1,scenario1,4,3650,HIC,1000000,Absent,0.25,10,14,14,14,14,0.05,30,3650,1,1,0.04,1,30,1095,1185,vaccine,0.6519230769230768,2.5,1000,35,75,565,0.091,0.021,0.44,5,0.5432692307692307,0.44,1,1,2,0.6519230769230768,undefined,332
0,0,0,1,1,scenario1,4,3650,HIC,1000000,Absent,0.25,10,14,14,14,14,0.05,30,3650,1,1,0.04,1,30,1095,1185,vaccine,0.6519230769230768,2.5,1000,35,75,565,0.091,0.021,0.44,5,0.5432692307692307,0.44,1,1,3,0.6519230769230768,undefined,333
0,0,0,1,1,scenario1,4,3650,HIC,1000000,Absent,0.25,10,14,14,14,14,0.05,30,3650,1,1,0.04,1,30,1095,1185,vaccine,0.6519230769230768,2.5,1000,35,75,565,0.091,0.021,0.44,5,0.5432692307692307,0.44,1,1,4,0.6519230769230768,undefined,334
0,0,0,1,1,scenario1,4,3650,HIC,1000000,Absent,0.25,10,14,14,14,14,0.05,30,3650,1,1,0.04,1,30,1095,1185,vaccine,0.6519230769230768,2.5,1000,35,75,565,0.091,0.021,0.44,5,0.5432692307692307,0.44,1,1,5,0.6519230769230768,undefined,335
0,0,0,1,1,scenario1,4,3650,HIC,1000000,Absent,0.25,10,14,14,14,14,0.05,30,3650,1,1,0.04,1,30,1095,1185,vaccine,0.6519230769230768,2.5,1000,35,75,565,0.091,0.021,0.44,5,0.6519230769230768,0.44,1,1,1,0.6519230769230768,undefined,336
0,0,0,1,1,scenario1,4,3650,HIC,1000000,Absent,0.25,10,14,14,14,14,0.05,30,3650,1,1,0.04,1,30,1095,1185,vaccine,0.6519230769230768,2.5,1000,35,75,565,0.091,0.021,0.44,5,0.6519230769230768,0.44,1,1,2,0.6519230769230768,undefined,337
0,0,0,1,1,scenario1,4,3650,HIC,1000000,Absent,0.25,10,14,14,14,14,0.05,30,3650,1,1,0.04,1,30,1095,1185,vaccine,0.6519230769230768,2.5,1000,35,75,565,0.091,0.021,0.44,5,0.6519230769230768,0.44,1,1,3,0.6519230769230768,undefined,338
0,0,0,1,1,scenario1,4,3650,HIC,1000000,Absent,0.25,10,14,14,14,14,0.05,30,3650,1,1,0.04,1,30,1095,1185,vaccine,0.6519230769230768,2.5,1000,35,75,565,0.091,0.021,0.44,5,0.6519230769230768,0.44,1,1,4,0.6519230769230768,undefined,339
0,0,0,1,1,scenario1,4,3650,HIC,1000000,Absent,0.25,10,14,14,14,14,0.05,30,3650,1,1,0.04,1,30,1095,1185,vaccine,0.6519230769230768,2.5,1000,35,75,565,0.091,0.021,0.44,5,0.6519230769230768,0.44,1,1,5,0.6519230769230768,undefined,340
0,0,0,1,1,scenario1,4,3650,HIC,1000000,Absent,0.25,10,14,14,14,14,0.05,30,3650,1,1,0.04,1,30,1095,1185,vaccine,0.6519230769230768,2.5,1000,35,75,565,0.091,0.021,0.44,5,0.760576923076923,0.44,1,1,1,0.6519230769230768,undefined,341
0,0,0,1,1,scenario1,4,3650,HIC,1000000,Absent,0.25,10,14,14,14,14,0.05,30,3650,1,1,0.04,1,30,1095,1185,vaccine,0.6519230769230768,2.5,1000,35,75,565,0.091,0.021,0.44,5,0.760576923076923,0.44,1,1,2,0.6519230769230768,undefined,342
0,0,0,1,1,scenario1,4,3650,HIC,1000000,Absent,0.25,10,14,14,14,14,0.05,30,3650,1,1,0.04,1,30,1095,1185,vaccine,0.6519230769230768,2.5,1000,35,75,565,0.091,0.021,0.44,5,0.760576923076923,0.44,1,1,3,0.6519230769230768,undefined,343
0,0,0,1,1,scenario1,4,3650,HIC,1000000,Absent,0.25,10,14,14,14,14,0.05,30,3650,1,1,0.04,1,30,1095,1185,vaccine,0.6519230769230768,2.5,1000,35,75,565,0.091,0.021,0.44,5,0.760576923076923,0.44,1,1,4,0.6519230769230768,undefined,344
0,0,0,1,1,scenario1,4,3650,HIC,1000000,Absent,0.25,10,14,14,14,14,0.05,30,3650,1,1,0.04,1,30,1095,1185,vaccine,0.6519230769230768,2.5,1000,35,75,565,0.091,0.021,0.44,5,0.760576923076923,0.44,1,1,5,0.6519230769230768,undefined,345
0,0,0,1,1,scenario1,4,3650,HIC,1000000,Absent,0.25,10,14,14,14,14,0.05,30,3650,1,1,0.04,1,30,1095,1185,vaccine,0.6519230769230768,2.5,1000,35,75,565,0.091,0.021,0.44,5,0.8692307692307691,0.44,1,1,1,0.6519230769230768,undefined,346
0,0,0,1,1,scenario1,4,3650,HIC,1000000,Absent,0.25,10,14,14,14,14,0.05,30,3650,1,1,0.04,1,30,1095,1185,vaccine,0.6519230769230768,2.5,1000,35,75,565,0.091,0.021,0.44,5,0.8692307692307691,0.44,1,1,2,0.6519230769230768,undefined,347
0,0,0,1,1,scenario1,4,3650,HIC,1000000,Absent,0.25,10,14,14,14,14,0.05,30,3650,1,1,0.04,1,30,1095,1185,vaccine,0.6519230769230768,2.5,1000,35,75,565,0.091,0.021,0.44,5,0.8692307692307691,0.44,1,1,3,0.6519230769230768,undefined,348
0,0,0,1,1,scenario1,4,3650,HIC,1000000,Absent,0.25,10,14,14,14,14,0.05,30,3650,1,1,0.04,1,30,1095,1185,vaccine,0.6519230769230768,2.5,1000,35,75,565,0.091,0.021,0.44,5,0.8692307692307691,0.44,1,1,4,0.6519230769230768,undefined,349
0,0,0,1,1,scenario1,4,3650,HIC,1000000,Absent,0.25,10,14,14,14,14,0.05,30,3650,1,1,0.04,1,30,1095,1185,vaccine,0.6519230769230768,2.5,1000,35,75,565,0.091,0.021,0.44,5,0.8692307692307691,0.44,1,1,5,0.6519230769230768,undefined,350
0,0,0,1,1,scenario1,4,3650,HIC,1000000,Absent,0.25,10,14,14,14,14,0.05,30,3650,1,1,0.06,1,30,1095,1185,vaccine,0.6519230769230768,2.5,1000,35,75,565,0.091,0.021,0.44,5,0.43461538461538457,0.44,1,1,1,0.6519230769230768,undefined,351
0,0,0,1,1,scenario1,4,3650,HIC,1000000,Absent,0.25,10,14,14,14,14,0.05,30,3650,1,1,0.06,1,30,1095,1185,vaccine,0.6519230769230768,2.5,1000,35,75,565,0.091,0.021,0.44,5,0.43461538461538457,0.44,1,1,2,0.6519230769230768,undefined,352
0,0,0,1,1,scenario1,4,3650,HIC,1000000,Absent,0.25,10,14,14,14,14,0.05,30,3650,1,1,0.06,1,30,1095,1185,vaccine,0.6519230769230768,2.5,1000,35,75,565,0.091,0.021,0.44,5,0.43461538461538457,0.44,1,1,3,0.6519230769230768,undefined,353
0,0,0,1,1,scenario1,4,3650,HIC,1000000,Absent,0.25,10,14,14,14,14,0.05,30,3650,1,1,0.06,1,30,1095,1185,vaccine,0.6519230769230768,2.5,1000,35,75,565,0.091,0.021,0.44,5,0.43461538461538457,0.44,1,1,4,0.6519230769230768,undefined,354
0,0,0,1,1,scenario1,4,3650,HIC,1000000,Absent,0.25,10,14,14,14,14,0.05,30,3650,1,1,0.06,1,30,1095,1185,vaccine,0.6519230769230768,2.5,1000,35,75,565,0.091,0.021,0.44,5,0.43461538461538457,0.44,1,1,5,0.6519230769230768,undefined,355
0,0,0,1,1,scenario1,4,3650,HIC,1000000,Absent,0.25,10,14,14,14,14,0.05,30,3650,1,1,0.06,1,30,1095,1185,vaccine,0.6519230769230768,2.5,1000,35,75,565,0.091,0.021,0.44,5,0.5432692307692307,0.44,1,1,1,0.6519230769230768,undefined,356
0,0,0,1,1,scenario1,4,3650,HIC,1000000,Absent,0.25,10,14,14,14,14,0.05,30,3650,1,1,0.06,1,30,1095,1185,vaccine,0.6519230769230768,2.5,1000,35,75,565,0.091,0.021,0.44,5,0.5432692307692307,0.44,1,1,2,0.6519230769230768,undefined,357
0,0,0,1,1,scenario1,4,3650,HIC,1000000,Absent,0.25,10,14,14,14,14,0.05,30,3650,1,1,0.06,1,30,1095,1185,vaccine,0.6519230769230768,2.5,1000,35,75,565,0.091,0.021,0.44,5,0.5432692307692307,0.44,1,1,3,0.6519230769230768,undefined,358
0,0,0,1,1,scenario1,4,3650,HIC,1000000,Absent,0.25,10,14,14,14,14,0.05,30,3650,1,1,0.06,1,30,1095,1185,vaccine,0.6519230769230768,2.5,1000,35,75,565,0.091,0.021,0.44,5,0.5432692307692307,0.44,1,1,4,0.6519230769230768,undefined,359
0,0,0,1,1,scenario1,4,3650,HIC,1000000,Absent,0.25,10,14,14,14,14,0.05,30,3650,1,1,0.06,1,30,1095,1185,vaccine,0.6519230769230768,2.5,1000,35,75,565,0.091,0.021,0.44,5,0.5432692307692307,0.44,1,1,5,0.6519230769230768,undefined,360
0,0,0,1,1,scenario1,4,3650,HIC,1000000,Absent,0.25,10,14,14,14,14,0.05,30,3650,1,1,0.06,1,30,1095,1185,vaccine,0.6519230769230768,2.5,1000,35,75,565,0.091,0.021,0.44,5,0.6519230769230768,0.44,1,1,1,0.6519230769230768,undefined,361
0,0,0,1,1,scenario1,4,3650,HIC,1000000,Absent,0.25,10,14,14,14,14,0.05,30,3650,1,1,0.06,1,30,1095,1185,vaccine,0.6519230769230768,2.5,1000,35,75,565,0.091,0.021,0.44,5,0.6519230769230768,0.44,1,1,2,0.6519230769230768,undefined,362
0,0,0,1,1,scenario1,4,3650,HIC,1000000,Absent,0.25,10,14,14,14,14,0.05,30,3650,1,1,0.06,1,30,1095,1185,vaccine,0.6519230769230768,2.5,1000,35,75,565,0.091,0.021,0.44,5,0.6519230769230768,0.44,1,1,3,0.6519230769230768,undefined,363
0,0,0,1,1,scenario1,4,3650,HIC,1000000,Absent,0.25,10,14,14,14,14,0.05,30,3650,1,1,0.06,1,30,1095,1185,vaccine,0.6519230769230768,2.5,1000,35,75,565,0.091,0.021,0.44,5,0.6519230769230768,0.44,1,1,4,0.6519230769230768,undefined,364
0,0,0,1,1,scenario1,4,3650,HIC,1000000,Absent,0.25,10,14,14,14,14,0.05,30,3650,1,1,0.06,1,30,1095,1185,vaccine,0.6519230769230768,2.5,1000,35,75,565,0.091,0.021,0.44,5,0.6519230769230768,0.44,1,1,5,0.6519230769230768,undefined,365
0,0,0,1,1,scenario1,4,3650,HIC,1000000,Absent,0.25,10,14,14,14,14,0.05,30,3650,1,1,0.06,1,30,1095,1185,vaccine,0.6519230769230768,2.5,1000,35,75,565,0.091,0.021,0.44,5,0.760576923076923,0.44,1,1,1,0.6519230769230768,undefined,366
0,0,0,1,1,scenario1,4,3650,HIC,1000000,Absent,0.25,10,14,14,14,14,0.05,30,3650,1,1,0.06,1,30,1095,1185,vaccine,0.6519230769230768,2.5,1000,35,75,565,0.091,0.021,0.44,5,0.760576923076923,0.44,1,1,2,0.6519230769230768,undefined,367
0,0,0,1,1,scenario1,4,3650,HIC,1000000,Absent,0.25,10,14,14,14,14,0.05,30,3650,1,1,0.06,1,30,1095,1185,vaccine,0.6519230769230768,2.5,1000,35,75,565,0.091,0.021,0.44,5,0.760576923076923,0.44,1,1,3,0.6519230769230768,undefined,368
0,0,0,1,1,scenario1,4,3650,HIC,1000000,Absent,0.25,10,14,14,14,14,0.05,30,3650,1,1,0.06,1,30,1095,1185,vaccine,0.6519230769230768,2.5,1000,35,75,565,0.091,0.021,0.44,5,0.760576923076923,0.44,1,1,4,0.6519230769230768,undefined,369
0,0,0,1,1,scenario1,4,3650,HIC,1000000,Absent,0.25,10,14,14,14,14,0.05,30,3650,1,1,0.06,1,30,1095,1185,vaccine,0.6519230769230768,2.5,1000,35,75,565,0.091,0.021,0.44,5,0.760576923076923,0.44,1,1,5,0.6519230769230768,undefined,370
0,0,0,1,1,scenario1,4,3650,HIC,1000000,Absent,0.25,10,14,14,14,14,0.05,30,3650,1,1,0.06,1,30,1095,1185,vaccine,0.6519230769230768,2.5,1000,35,75,565,0.091,0.021,0.44,5,0.8692307692307691,0.44,1,1,1,0.6519230769230768,undefined,371
0,0,0,1,1,scenario1,4,3650,HIC,1000000,Absent,0.25,10,14,14,14,14,0.05,30,3650,1,1,0.06,1,30,1095,1185,vaccine,0.6519230769230768,2.5,1000,35,75,565,0.091,0.021,0.44,5,0.8692307692307691,0.44,1,1,2,0.6519230769230768,undefined,372
0,0,0,1,1,scenario1,4,3650,HIC,1000000,Absent,0.25,10,14,14,14,14,0.05,30,3650,1,1,0.06,1,30,1095,1185,vaccine,0.6519230769230768,2.5,1000,35,75,565,0.091,0.021,0.44,5,0.8692307692307691,0.44,1,1,3,0.6519230769230768,undefined,373
0,0,0,1,1,scenario1,4,3650,HIC,1000000,Absent,0.25,10,14,14,14,14,0.05,30,3650,1,1,0.06,1,30,1095,1185,vaccine,0.6519230769230768,2.5,1000,35,75,565,0.091,0.021,0.44,5,0.8692307692307691,0.44,1,1,4,0.6519230769230768,undefined,374
0,0,0,1,1,scenario1,4,3650,HIC,1000000,Absent,0.25,10,14,14,14,14,0.05,30,3650,1,1,0.06,1,30,1095,1185,vaccine,0.6519230769230768,2.5,1000,35,75,565,0.091,0.021,0.44,5,0.8692307692307691,0.44,1,1,5,0.6519230769230768,undefined,375
0,0,0,1,1,scenario1,4,3650,HIC,1000000,Absent,0.25,10,14,14,14,14,0.05,30,3650,1,1,0.08,1,30,1095,1185,vaccine,0.6519230769230768,2.5,1000,35,75,565,0.091,0.021,0.44,5,0.43461538461538457,0.44,1,1,1,0.6519230769230768,undefined,376
0,0,0,1,1,scenario1,4,3650,HIC,1000000,Absent,0.25,10,14,14,14,14,0.05,30,3650,1,1,0.08,1,30,1095,1185,vaccine,0.6519230769230768,2.5,1000,35,75,565,0.091,0.021,0.44,5,0.43461538461538457,0.44,1,1,2,0.6519230769230768,undefined,377
0,0,0,1,1,scenario1,4,3650,HIC,1000000,Absent,0.25,10,14,14,14,14,0.05,30,3650,1,1,0.08,1,30,1095,1185,vaccine,0.6519230769230768,2.5,1000,35,75,565,0.091,0.021,0.44,5,0.43461538461538457,0.44,1,1,3,0.6519230769230768,undefined,378
0,0,0,1,1,scenario1,4,3650,HIC,1000000,Absent,0.25,10,14,14,14,14,0.05,30,3650,1,1,0.08,1,30,1095,1185,vaccine,0.6519230769230768,2.5,1000,35,75,565,0.091,0.021,0.44,5,0.43461538461538457,0.44,1,1,4,0.6519230769230768,undefined,379
0,0,0,1,1,scenario1,4,3650,HIC,1000000,Absent,0.25,10,14,14,14,14,0.05,30,3650,1,1,0.08,1,30,1095,1185,vaccine,0.6519230769230768,2.5,1000,35,75,565,0.091,0.021,0.44,5,0.43461538461538457,0.44,1,1,5,0.6519230769230768,undefined,380
0,0,0,1,1,scenario1,4,3650,HIC,1000000,Absent,0.25,10,14,14,14,14,0.05,30,3650,1,1,0.08,1,30,1095,1185,vaccine,0.6519230769230768,2.5,1000,35,75,565,0.091,0.021,0.44,5,0.5432692307692307,0.44,1,1,1,0.6519230769230768,undefined,381
0,0,0,1,1,scenario1,4,3650,HIC,1000000,Absent,0.25,10,14,14,14,14,0.05,30,3650,1,1,0.08,1,30,1095,1185,vaccine,0.6519230769230768,2.5,1000,35,75,565,0.091,0.021,0.44,5,0.5432692307692307,0.44,1,1,2,0.6519230769230768,undefined,382
0,0,0,1,1,scenario1,4,3650,HIC,1000000,Absent,0.25,10,14,14,14,14,0.05,30,3650,1,1,0.08,1,30,1095,1185,vaccine,0.6519230769230768,2.5,1000,35,75,565,0.091,0.021,0.44,5,0.5432692307692307,0.44,1,1,3,0.6519230769230768,undefined,383
0,0,0,1,1,scenario1,4,3650,HIC,1000000,Absent,0.25,10,14,14,14,14,0.05,30,3650,1,1,0.08,1,30,1095,1185,vaccine,0.6519230769230768,2.5,1000,35,75,565,0.091,0.021,0.44,5,0.5432692307692307,0.44,1,1,4,0.6519230769230768,undefined,384
0,0,0,1,1,scenario1,4,3650,HIC,1000000,Absent,0.25,10,14,14,14,14,0.05,30,3650,1,1,0.08,1,30,1095,1185,vaccine,0.6519230769230768,2.5,1000,35,75,565,0.091,0.021,0.44,5,0.5432692307692307,0.44,1,1,5,0.6519230769230768,undefined,385
0,0,0,1,1,scenario1,4,3650,HIC,1000000,Absent,0.25,10,14,14,14,14,0.05,30,3650,1,1,0.08,1,30,1095,1185,vaccine,0.6519230769230768,2.5,1000,35,75,565,0.091,0.021,0.44,5,0.6519230769230768,0.44,1,1,1,0.6519230769230768,undefined,386
0,0,0,1,1,scenario1,4,3650,HIC,1000000,Absent,0.25,10,14,14,14,14,0.05,30,3650,1,1,0.08,1,30,1095,1185,vaccine,0.6519230769230768,2.5,1000,35,75,565,0.091,0.021,0.44,5,0.6519230769230768,0.44,1,1,2,0.6519230769230768,undefined,387
0,0,0,1,1,scenario1,4,3650,HIC,1000000,Absent,0.25,10,14,14,14,14,0.05,30,3650,1,1,0.08,1,30,1095,1185,vaccine,0.6519230769230768,2.5,1000,35,75,565,0.091,0.021,0.44,5,0.6519230769230768,0.44,1,1,3,0.6519230769230768,undefined,388
0,0,0,1,1,scenario1,4,3650,HIC,1000000,Absent,0.25,10,14,14,14,14,0.05,30,3650,1,1,0.08,1,30,1095,1185,vaccine,0.6519230769230768,2.5,1000,35,75,565,0.091,0.021,0.44,5,0.6519230769230768,0.44,1,1,4,0.6519230769230768,undefined,389
0,0,0,1,1,scenario1,4,3650,HIC,1000000,Absent,0.25,10,14,14,14,14,0.05,30,3650,1,1,0.08,1,30,1095,1185,vaccine,0.6519230769230768,2.5,1000,35,75,565,0.091,0.021,0.44,5,0.6519230769230768,0.44,1,1,5,0.6519230769230768,undefined,390
0,0,0,1,1,scenario1,4,3650,HIC,1000000,Absent,0.25,10,14,14,14,14,0.05,30,3650,1,1,0.08,1,30,1095,1185,vaccine,0.6519230769230768,2.5,1000,35,75,565,0.091,0.021,0.44,5,0.760576923076923,0.44,1,1,1,0.6519230769230768,undefined,391
0,0,0,1,1,scenario1,4,3650,HIC,1000000,Absent,0.25,10,14,14,14,14,0.05,30,3650,1,1,0.08,1,30,1095,1185,vaccine,0.6519230769230768,2.5,1000,35,75,565,0.091,0.021,0.44,5,0.760576923076923,0.44,1,1,2,0.6519230769230768,undefined,392
0,0,0,1,1,scenario1,4,3650,HIC,1000000,Absent,0.25,10,14,14,14,14,0.05,30,3650,1,1,0.08,1,30,1095,1185,vaccine,0.6519230769230768,2.5,1000,35,75,565,0.091,0.021,0.44,5,0.760576923076923,0.44,1,1,3,0.6519230769230768,undefined,393
0,0,0,1,1,scenario1,4,3650,HIC,1000000,Absent,0.25,10,14,14,14,14,0.05,30,3650,1,1,0.08,1,30,1095,1185,vaccine,0.6519230769230768,2.5,1000,35,75,565,0.091,0.021,0.44,5,0.760576923076923,0.44,1,1,4,0.6519230769230768,undefined,394
0,0,0,1,1,scenario1,4,3650,HIC,1000000,Absent,0.25,10,14,14,14,14,0.05,30,3650,1,1,0.08,1,30,1095,1185,vaccine,0.6519230769230768,2.5,1000,35,75,565,0.091,0.021,0.44,5,0.760576923076923,0.44,1,1,5,0.6519230769230768,undefined,395
0,0,0,1,1,scenario1,4,3650,HIC,1000000,Absent,0.25,10,14,14,14,14,0.05,30,3650,1,1,0.08,1,30,1095,1185,vaccine,0.6519230769230768,2.5,1000,35,75,565,0.091,0.021,0.44,5,0.8692307692307691,0.44,1,1,1,0.6519230769230768,undefined,396
0,0,0,1,1,scenario1,4,3650,HIC,1000000,Absent,0.25,10,14,14,14,14,0.05,30,3650,1,1,0.08,1,30,1095,1185,vaccine,0.6519230769230768,2.5,1000,35,75,565,0.091,0.021,0.44,5,0.8692307692307691,0.44,1,1,2,0.6519230769230768,undefined,397
0,0,0,1,1,scenario1,4,3650,HIC,1000000,Absent,0.25,10,14,14,14,14,0.05,30,3650,1,1,0.08,1,30,1095,1185,vaccine,0.6519230769230768,2.5,1000,35,75,565,0.091,0.021,0.44,5,0.8692307692307691,0.44,1,1,3,0.6519230769230768,undefined,398
0,0,0,1,1,scenario1,4,3650,HIC,1000000,Absent,0.25,10,14,14,14,14,0.05,30,3650,1,1,0.08,1,30,1095,1185,vaccine,0.6519230769230768,2.5,1000,35,75,565,0.091,0.021,0.44,5,0.8692307692307691,0.44,1,1,4,0.6519230769230768,undefined,399
0,0,0,1,1,scenario1,4,3650,HIC,1000000,Absent,0.25,10,14,14,14,14,0.05,30,3650,1,1,0.08,1,30,1095,1185,vaccine,0.6519230769230768,2.5,1000,35,75,565,0.091,0.021,0.44,5,0.8692307692307691,0.44,1,1,5,0.6519230769230768,undefined,400
